{
    "MEGCoordinateSystem": "ElektaNeuromag",
    "MEGCoordinateUnits": "m",
    "MEGCoordinateSystemDescription": "RAS orientation and the origin between the ears",
    "HeadCoilCoordinates": {
        "NAS": [
            4.6566128730773926e-09,
            0.09036754071712494,
            0.0
        ],
        "LPA": [
            -0.06929042935371399,
            1.4901161193847656e-08,
            -7.450580596923828e-09
        ],
        "RPA": [
            0.07261411845684052,
            2.9802322387695312e-08,
            7.450580596923828e-09
        ],
        "coil1": [
            -0.04464976117014885,
            0.0764007493853569,
            0.053336482495069504
        ],
        "coil2": [
            -0.07166272401809692,
            -0.020718062296509743,
            0.012616578489542007
        ],
        "coil3": [
            0.052133575081825256,
            0.07845158129930496,
            0.04335755109786987
        ],
        "coil4": [
            0.07447770982980728,
            -0.019615089520812035,
            0.01219615712761879
        ]
    },
    "HeadCoilCoordinateSystem": "ElektaNeuromag",
    "HeadCoilCoordinateUnits": "m",
    "AnatomicalLandmarkCoordinates": {
        "NAS": [
            4.6566128730773926e-09,
            0.09036754071712494,
            0.0
        ],
        "LPA": [
            -0.06929042935371399,
            1.4901161193847656e-08,
            -7.450580596923828e-09
        ],
        "RPA": [
            0.07261411845684052,
            2.9802322387695312e-08,
            7.450580596923828e-09
        ],
        "coil1": [
            -0.04464976117014885,
            0.0764007493853569,
            0.053336482495069504
        ],
        "coil2": [
            -0.07166272401809692,
            -0.020718062296509743,
            0.012616578489542007
        ],
        "coil3": [
            0.052133575081825256,
            0.07845158129930496,
            0.04335755109786987
        ],
        "coil4": [
            0.07447770982980728,
            -0.019615089520812035,
            0.01219615712761879
        ]
    },
    "AnatomicalLandmarkCoordinateSystem": "ElektaNeuromag",
    "AnatomicalLandmarkCoordinateUnits": "m"
}
