{
    "MEGCoordinateSystem": "ElektaNeuromag",
    "MEGCoordinateUnits": "m",
    "MEGCoordinateSystemDescription": "RAS orientation and the origin between the ears",
    "HeadCoilCoordinates": {
        "NAS": [
            3.725290298461914e-09,
            0.09205478429794312,
            0.0
        ],
        "LPA": [
            -0.0572681799530983,
            0.0,
            1.4901161193847656e-08
        ],
        "RPA": [
            0.060108114033937454,
            0.0,
            0.0
        ],
        "coil1": [
            -0.0443667434155941,
            0.08528386801481247,
            0.04360036924481392
        ],
        "coil2": [
            -0.06292358785867691,
            -0.014974087476730347,
            0.00782997440546751
        ],
        "coil3": [
            0.04437236487865448,
            0.08371863514184952,
            0.04470720514655113
        ],
        "coil4": [
            0.06339054554700851,
            -0.01845461130142212,
            0.005126242991536856
        ]
    },
    "HeadCoilCoordinateSystem": "ElektaNeuromag",
    "HeadCoilCoordinateUnits": "m",
    "AnatomicalLandmarkCoordinates": {
        "NAS": [
            3.725290298461914e-09,
            0.09205478429794312,
            0.0
        ],
        "LPA": [
            -0.0572681799530983,
            0.0,
            1.4901161193847656e-08
        ],
        "RPA": [
            0.060108114033937454,
            0.0,
            0.0
        ],
        "coil1": [
            -0.0443667434155941,
            0.08528386801481247,
            0.04360036924481392
        ],
        "coil2": [
            -0.06292358785867691,
            -0.014974087476730347,
            0.00782997440546751
        ],
        "coil3": [
            0.04437236487865448,
            0.08371863514184952,
            0.04470720514655113
        ],
        "coil4": [
            0.06339054554700851,
            -0.01845461130142212,
            0.005126242991536856
        ]
    },
    "AnatomicalLandmarkCoordinateSystem": "ElektaNeuromag",
    "AnatomicalLandmarkCoordinateUnits": "m"
}
