{
    "AnatomicalLandmarkCoordinates": {
        "LPA": [
            195.3860725115959,
            155.98519836572024,
            108.16345442837253
        ],
        "NAS": [
            138.91091510500263,
            158.48673000959013,
            206.88357182134962
        ],
        "RPA": [
            63.795523180869225,
            160.83045629205816,
            123.51546946520477
        ]
    }
}
