{
    "MEGCoordinateSystem": "ElektaNeuromag",
    "MEGCoordinateUnits": "m",
    "MEGCoordinateSystemDescription": "RAS orientation and the origin between the ears",
    "HeadCoilCoordinates": {
        "NAS": [
            0.0,
            0.10363134741783142,
            -7.450580596923828e-09
        ],
        "LPA": [
            -0.07001965492963791,
            0.0,
            0.0
        ],
        "RPA": [
            0.07394983619451523,
            -1.4901161193847656e-08,
            -7.450580596923828e-09
        ],
        "coil1": [
            0.06662287563085556,
            0.0639537125825882,
            0.07288236171007156
        ],
        "coil2": [
            0.07839751243591309,
            -0.02799222804605961,
            0.06517107039690018
        ],
        "coil3": [
            -0.06846140325069427,
            0.05382199585437775,
            0.0672089233994484
        ],
        "coil4": [
            -0.06809698790311813,
            -0.04885369539260864,
            0.06828772276639938
        ]
    },
    "HeadCoilCoordinateSystem": "ElektaNeuromag",
    "HeadCoilCoordinateUnits": "m",
    "AnatomicalLandmarkCoordinates": {
        "NAS": [
            0.0,
            0.10363134741783142,
            -7.450580596923828e-09
        ],
        "LPA": [
            -0.07001965492963791,
            0.0,
            0.0
        ],
        "RPA": [
            0.07394983619451523,
            -1.4901161193847656e-08,
            -7.450580596923828e-09
        ],
        "coil1": [
            0.06662287563085556,
            0.0639537125825882,
            0.07288236171007156
        ],
        "coil2": [
            0.07839751243591309,
            -0.02799222804605961,
            0.06517107039690018
        ],
        "coil3": [
            -0.06846140325069427,
            0.05382199585437775,
            0.0672089233994484
        ],
        "coil4": [
            -0.06809698790311813,
            -0.04885369539260864,
            0.06828772276639938
        ]
    },
    "AnatomicalLandmarkCoordinateSystem": "ElektaNeuromag",
    "AnatomicalLandmarkCoordinateUnits": "m"
}
