{
    "AnatomicalLandmarkCoordinates": {
        "LPA": [
            194.5286192627982,
            141.06785790875816,
            102.83508738796026
        ],
        "NAS": [
            128.99919997720002,
            138.8548552946698,
            203.23233659835677
        ],
        "RPA": [
            57.59379856643733,
            152.30075035061697,
            109.48214850224838
        ]
    }
}
