{
    "AnatomicalLandmarkCoordinates": {
        "LPA": [
            197.39093694920717,
            143.6970911737248,
            123.24566695767194
        ],
        "NAS": [
            123.42441165861933,
            144.45380234074176,
            214.97055638976565
        ],
        "RPA": [
            60.299760740576204,
            144.74321223194306,
            114.67430808096911
        ]
    }
}
