{
    "AnatomicalLandmarkCoordinates": {
        "LPA": [
            192.1566901215529,
            146.1286800159644,
            112.83293594378019
        ],
        "NAS": [
            127.27527430430608,
            136.01379933962477,
            208.78103068447075
        ],
        "RPA": [
            61.86744830127145,
            146.8201281246605,
            113.75342513937336
        ]
    }
}
