{
    "AnatomicalLandmarkCoordinates": {
        "LPA": [
            195.63089888978638,
            157.13236061056006,
            121.06097389026465
        ],
        "NAS": [
            130.80364140196926,
            144.36483307532689,
            209.26766738090615
        ],
        "RPA": [
            62.14865931998456,
            164.82602589688582,
            125.56828953173547
        ]
    }
}
