{
    "MEGCoordinateSystem": "ElektaNeuromag",
    "MEGCoordinateUnits": "m",
    "MEGCoordinateSystemDescription": "RAS orientation and the origin between the ears",
    "HeadCoilCoordinates": {
        "NAS": [
            -9.313225746154785e-10,
            0.09088774025440216,
            0.0
        ],
        "LPA": [
            -0.061921875923871994,
            -1.4901161193847656e-08,
            -3.725290298461914e-09
        ],
        "RPA": [
            0.06576143205165863,
            -1.4901161193847656e-08,
            -3.725290298461914e-09
        ],
        "coil1": [
            -0.05757905915379524,
            0.049850571900606155,
            0.0730132982134819
        ],
        "coil2": [
            -0.06015152111649513,
            -0.033736247569322586,
            0.06079128757119179
        ],
        "coil3": [
            0.06279932707548141,
            0.05125777795910835,
            0.07378829270601273
        ],
        "coil4": [
            0.06899843364953995,
            -0.03736576437950134,
            0.06313488632440567
        ]
    },
    "HeadCoilCoordinateSystem": "ElektaNeuromag",
    "HeadCoilCoordinateUnits": "m",
    "AnatomicalLandmarkCoordinates": {
        "NAS": [
            -9.313225746154785e-10,
            0.09088774025440216,
            0.0
        ],
        "LPA": [
            -0.061921875923871994,
            -1.4901161193847656e-08,
            -3.725290298461914e-09
        ],
        "RPA": [
            0.06576143205165863,
            -1.4901161193847656e-08,
            -3.725290298461914e-09
        ],
        "coil1": [
            -0.05757905915379524,
            0.049850571900606155,
            0.0730132982134819
        ],
        "coil2": [
            -0.06015152111649513,
            -0.033736247569322586,
            0.06079128757119179
        ],
        "coil3": [
            0.06279932707548141,
            0.05125777795910835,
            0.07378829270601273
        ],
        "coil4": [
            0.06899843364953995,
            -0.03736576437950134,
            0.06313488632440567
        ]
    },
    "AnatomicalLandmarkCoordinateSystem": "ElektaNeuromag",
    "AnatomicalLandmarkCoordinateUnits": "m"
}
