{
    "AnatomicalLandmarkCoordinates": {
        "LPA": [
            198.91764304241678,
            129.03484710939435,
            109.999757303204
        ],
        "NAS": [
            120.85917857275824,
            117.52014572008635,
            206.4550148649966
        ],
        "RPA": [
            61.074113332415905,
            141.40817200393803,
            97.73071750471723
        ]
    }
}
