{
    "MEGCoordinateSystem": "ElektaNeuromag",
    "MEGCoordinateUnits": "m",
    "MEGCoordinateSystemDescription": "RAS orientation and the origin between the ears",
    "HeadCoilCoordinates": {
        "NAS": [
            3.725290298461914e-09,
            0.08724741637706757,
            0.0
        ],
        "LPA": [
            -0.06628954410552979,
            0.0,
            3.725290298461914e-09
        ],
        "RPA": [
            0.06351858377456665,
            1.4901161193847656e-08,
            0.0
        ],
        "coil1": [
            -0.05503806099295616,
            0.0718512162566185,
            0.05514340475201607
        ],
        "coil2": [
            -0.06899785250425339,
            -0.02242383360862732,
            0.010824083350598812
        ],
        "coil3": [
            0.042618174105882645,
            0.08416748046875,
            0.053406331688165665
        ],
        "coil4": [
            0.06432650238275528,
            -0.024079039692878723,
            0.00608075549826026
        ]
    },
    "HeadCoilCoordinateSystem": "ElektaNeuromag",
    "HeadCoilCoordinateUnits": "m",
    "AnatomicalLandmarkCoordinates": {
        "NAS": [
            3.725290298461914e-09,
            0.08724741637706757,
            0.0
        ],
        "LPA": [
            -0.06628954410552979,
            0.0,
            3.725290298461914e-09
        ],
        "RPA": [
            0.06351858377456665,
            1.4901161193847656e-08,
            0.0
        ],
        "coil1": [
            -0.05503806099295616,
            0.0718512162566185,
            0.05514340475201607
        ],
        "coil2": [
            -0.06899785250425339,
            -0.02242383360862732,
            0.010824083350598812
        ],
        "coil3": [
            0.042618174105882645,
            0.08416748046875,
            0.053406331688165665
        ],
        "coil4": [
            0.06432650238275528,
            -0.024079039692878723,
            0.00608075549826026
        ]
    },
    "AnatomicalLandmarkCoordinateSystem": "ElektaNeuromag",
    "AnatomicalLandmarkCoordinateUnits": "m"
}
