{
    "MEGCoordinateSystem": "ElektaNeuromag",
    "MEGCoordinateUnits": "m",
    "MEGCoordinateSystemDescription": "RAS orientation and the origin between the ears",
    "HeadCoilCoordinates": {
        "NAS": [
            5.122274160385132e-09,
            0.09381939470767975,
            -5.587935447692871e-09
        ],
        "LPA": [
            -0.06704012304544449,
            0.0,
            -1.862645149230957e-09
        ],
        "RPA": [
            0.06798944622278214,
            0.0,
            -3.725290298461914e-09
        ],
        "coil1": [
            -0.03322965279221535,
            0.09793897718191147,
            0.06485138833522797
        ],
        "coil2": [
            -0.07192785292863846,
            -0.013955975882709026,
            0.016501786187291145
        ],
        "coil3": [
            0.04038504883646965,
            0.09485853463411331,
            0.06637145578861237
        ],
        "coil4": [
            0.07132148742675781,
            -0.013470093719661236,
            0.01933589018881321
        ]
    },
    "HeadCoilCoordinateSystem": "ElektaNeuromag",
    "HeadCoilCoordinateUnits": "m",
    "AnatomicalLandmarkCoordinates": {
        "NAS": [
            5.122274160385132e-09,
            0.09381939470767975,
            -5.587935447692871e-09
        ],
        "LPA": [
            -0.06704012304544449,
            0.0,
            -1.862645149230957e-09
        ],
        "RPA": [
            0.06798944622278214,
            0.0,
            -3.725290298461914e-09
        ],
        "coil1": [
            -0.03322965279221535,
            0.09793897718191147,
            0.06485138833522797
        ],
        "coil2": [
            -0.07192785292863846,
            -0.013955975882709026,
            0.016501786187291145
        ],
        "coil3": [
            0.04038504883646965,
            0.09485853463411331,
            0.06637145578861237
        ],
        "coil4": [
            0.07132148742675781,
            -0.013470093719661236,
            0.01933589018881321
        ]
    },
    "AnatomicalLandmarkCoordinateSystem": "ElektaNeuromag",
    "AnatomicalLandmarkCoordinateUnits": "m"
}
