{
    "MEGCoordinateSystem": "ElektaNeuromag",
    "MEGCoordinateUnits": "m",
    "MEGCoordinateSystemDescription": "RAS orientation and the origin between the ears",
    "HeadCoilCoordinates": {
        "NAS": [
            -2.7939677238464355e-09,
            0.09367935359477997,
            0.0
        ],
        "LPA": [
            -0.06957554072141647,
            1.4901161193847656e-08,
            0.0
        ],
        "RPA": [
            0.07050682604312897,
            1.4901161193847656e-08,
            0.0
        ],
        "coil1": [
            -0.04622306302189827,
            0.07826375216245651,
            0.06502503156661987
        ],
        "coil2": [
            -0.06938529759645462,
            -0.023102184757590294,
            0.0071462527848780155
        ],
        "coil3": [
            0.04921857640147209,
            0.07799973338842392,
            0.0628156065940857
        ],
        "coil4": [
            0.07294273376464844,
            -0.017699604853987694,
            0.014601255767047405
        ]
    },
    "HeadCoilCoordinateSystem": "ElektaNeuromag",
    "HeadCoilCoordinateUnits": "m",
    "AnatomicalLandmarkCoordinates": {
        "NAS": [
            -2.7939677238464355e-09,
            0.09367935359477997,
            0.0
        ],
        "LPA": [
            -0.06957554072141647,
            1.4901161193847656e-08,
            0.0
        ],
        "RPA": [
            0.07050682604312897,
            1.4901161193847656e-08,
            0.0
        ],
        "coil1": [
            -0.04622306302189827,
            0.07826375216245651,
            0.06502503156661987
        ],
        "coil2": [
            -0.06938529759645462,
            -0.023102184757590294,
            0.0071462527848780155
        ],
        "coil3": [
            0.04921857640147209,
            0.07799973338842392,
            0.0628156065940857
        ],
        "coil4": [
            0.07294273376464844,
            -0.017699604853987694,
            0.014601255767047405
        ]
    },
    "AnatomicalLandmarkCoordinateSystem": "ElektaNeuromag",
    "AnatomicalLandmarkCoordinateUnits": "m"
}
