{
    "AnatomicalLandmarkCoordinates": {
        "LPA": [
            194.02156644352138,
            142.6058959213557,
            126.22540012580474
        ],
        "NAS": [
            121.55930594809342,
            144.44843135349743,
            214.61074264444906
        ],
        "RPA": [
            61.68502039992494,
            144.6375051978431,
            114.47523450078086
        ]
    }
}
