{
    "AnatomicalLandmarkCoordinates": {
        "LPA": [
            195.99256676856055,
            159.92734947216877,
            117.80330101544031
        ],
        "NAS": [
            132.73588699924886,
            148.17811677608486,
            217.6467488990748
        ],
        "RPA": [
            60.297923489434275,
            162.01049520027803,
            121.41967999126125
        ]
    }
}
