{
    "MEGCoordinateSystem": "ElektaNeuromag",
    "MEGCoordinateUnits": "m",
    "MEGCoordinateSystemDescription": "RAS orientation and the origin between the ears",
    "HeadCoilCoordinates": {
        "NAS": [
            6.984919309616089e-09,
            0.09573881328105927,
            9.313225746154785e-09
        ],
        "LPA": [
            -0.06418012082576752,
            1.4901161193847656e-08,
            1.210719347000122e-08
        ],
        "RPA": [
            0.0615445114672184,
            2.9802322387695312e-08,
            9.313225746154785e-09
        ],
        "coil1": [
            -0.03718790039420128,
            0.08550585061311722,
            0.065913625061512
        ],
        "coil2": [
            -0.06859899312257767,
            -0.0204769317060709,
            0.0065592932514846325
        ],
        "coil3": [
            0.0372769758105278,
            0.08332148939371109,
            0.06446509808301926
        ],
        "coil4": [
            0.060449082404375076,
            -0.02930912934243679,
            0.007725238800048828
        ]
    },
    "HeadCoilCoordinateSystem": "ElektaNeuromag",
    "HeadCoilCoordinateUnits": "m",
    "AnatomicalLandmarkCoordinates": {
        "NAS": [
            6.984919309616089e-09,
            0.09573881328105927,
            9.313225746154785e-09
        ],
        "LPA": [
            -0.06418012082576752,
            1.4901161193847656e-08,
            1.210719347000122e-08
        ],
        "RPA": [
            0.0615445114672184,
            2.9802322387695312e-08,
            9.313225746154785e-09
        ],
        "coil1": [
            -0.03718790039420128,
            0.08550585061311722,
            0.065913625061512
        ],
        "coil2": [
            -0.06859899312257767,
            -0.0204769317060709,
            0.0065592932514846325
        ],
        "coil3": [
            0.0372769758105278,
            0.08332148939371109,
            0.06446509808301926
        ],
        "coil4": [
            0.060449082404375076,
            -0.02930912934243679,
            0.007725238800048828
        ]
    },
    "AnatomicalLandmarkCoordinateSystem": "ElektaNeuromag",
    "AnatomicalLandmarkCoordinateUnits": "m"
}
