{
    "MEGCoordinateSystem": "ElektaNeuromag",
    "MEGCoordinateUnits": "m",
    "MEGCoordinateSystemDescription": "RAS orientation and the origin between the ears",
    "HeadCoilCoordinates": {
        "NAS": [
            -4.190951585769653e-09,
            0.10166323184967041,
            1.4901161193847656e-08
        ],
        "LPA": [
            -0.06978832930326462,
            0.0,
            1.4901161193847656e-08
        ],
        "RPA": [
            0.07138217985630035,
            -1.4901161193847656e-08,
            1.4901161193847656e-08
        ],
        "coil1": [
            -0.048396170139312744,
            0.0852455124258995,
            0.05689464509487152
        ],
        "coil2": [
            -0.0681508257985115,
            -0.02088507078588009,
            0.004605591297149658
        ],
        "coil3": [
            0.04544571042060852,
            0.08897465467453003,
            0.056678760796785355
        ],
        "coil4": [
            0.07252184301614761,
            -0.01547156274318695,
            0.015524187125265598
        ]
    },
    "HeadCoilCoordinateSystem": "ElektaNeuromag",
    "HeadCoilCoordinateUnits": "m",
    "AnatomicalLandmarkCoordinates": {
        "NAS": [
            -4.190951585769653e-09,
            0.10166323184967041,
            1.4901161193847656e-08
        ],
        "LPA": [
            -0.06978832930326462,
            0.0,
            1.4901161193847656e-08
        ],
        "RPA": [
            0.07138217985630035,
            -1.4901161193847656e-08,
            1.4901161193847656e-08
        ],
        "coil1": [
            -0.048396170139312744,
            0.0852455124258995,
            0.05689464509487152
        ],
        "coil2": [
            -0.0681508257985115,
            -0.02088507078588009,
            0.004605591297149658
        ],
        "coil3": [
            0.04544571042060852,
            0.08897465467453003,
            0.056678760796785355
        ],
        "coil4": [
            0.07252184301614761,
            -0.01547156274318695,
            0.015524187125265598
        ]
    },
    "AnatomicalLandmarkCoordinateSystem": "ElektaNeuromag",
    "AnatomicalLandmarkCoordinateUnits": "m"
}
