{
    "MEGCoordinateSystem": "ElektaNeuromag",
    "MEGCoordinateUnits": "m",
    "MEGCoordinateSystemDescription": "RAS orientation and the origin between the ears",
    "HeadCoilCoordinates": {
        "NAS": [
            -9.313225746154785e-09,
            0.092222660779953,
            3.725290298461914e-09
        ],
        "LPA": [
            -0.05822153016924858,
            1.4901161193847656e-08,
            7.450580596923828e-09
        ],
        "RPA": [
            0.0696665495634079,
            -1.4901161193847656e-08,
            1.862645149230957e-09
        ],
        "coil1": [
            -0.05059525743126869,
            -0.022717589512467384,
            -0.01658000610768795
        ],
        "coil2": [
            -0.024074086919426918,
            0.09901336580514908,
            0.055161070078611374
        ],
        "coil3": [
            0.0526641346514225,
            0.08621964603662491,
            0.051412586122751236
        ],
        "coil4": [
            0.0685705617070198,
            -0.026188308373093605,
            -0.006542103830724955
        ]
    },
    "HeadCoilCoordinateSystem": "ElektaNeuromag",
    "HeadCoilCoordinateUnits": "m",
    "AnatomicalLandmarkCoordinates": {
        "NAS": [
            -9.313225746154785e-09,
            0.092222660779953,
            3.725290298461914e-09
        ],
        "LPA": [
            -0.05822153016924858,
            1.4901161193847656e-08,
            7.450580596923828e-09
        ],
        "RPA": [
            0.0696665495634079,
            -1.4901161193847656e-08,
            1.862645149230957e-09
        ],
        "coil1": [
            -0.05059525743126869,
            -0.022717589512467384,
            -0.01658000610768795
        ],
        "coil2": [
            -0.024074086919426918,
            0.09901336580514908,
            0.055161070078611374
        ],
        "coil3": [
            0.0526641346514225,
            0.08621964603662491,
            0.051412586122751236
        ],
        "coil4": [
            0.0685705617070198,
            -0.026188308373093605,
            -0.006542103830724955
        ]
    },
    "AnatomicalLandmarkCoordinateSystem": "ElektaNeuromag",
    "AnatomicalLandmarkCoordinateUnits": "m"
}
