{
    "AnatomicalLandmarkCoordinates": {
        "LPA": [
            194.11489089987262,
            149.48230678928286,
            106.40072888450902
        ],
        "NAS": [
            130.57455022076962,
            135.13791869028375,
            204.4728515640936
        ],
        "RPA": [
            66.01050515454257,
            152.15446804181832,
            106.41233840219596
        ]
    }
}
