{
    "MEGCoordinateSystem": "ElektaNeuromag",
    "MEGCoordinateUnits": "m",
    "MEGCoordinateSystemDescription": "RAS orientation and the origin between the ears",
    "HeadCoilCoordinates": {
        "NAS": [
            0.0,
            0.09894882142543793,
            4.6566128730773926e-09
        ],
        "LPA": [
            -0.06570614874362946,
            0.0,
            6.51925802230835e-09
        ],
        "RPA": [
            0.07005263864994049,
            0.0,
            7.916241884231567e-09
        ],
        "coil1": [
            -0.06560975313186646,
            -0.022997790947556496,
            0.003608580445870757
        ],
        "coil2": [
            -0.04951918125152588,
            0.08575639873743057,
            0.04774291813373566
        ],
        "coil3": [
            0.043965477496385574,
            0.09322140365839005,
            0.05805671587586403
        ],
        "coil4": [
            0.07482293248176575,
            -0.019205862656235695,
            0.004778183996677399
        ]
    },
    "HeadCoilCoordinateSystem": "ElektaNeuromag",
    "HeadCoilCoordinateUnits": "m",
    "AnatomicalLandmarkCoordinates": {
        "NAS": [
            0.0,
            0.09894882142543793,
            4.6566128730773926e-09
        ],
        "LPA": [
            -0.06570614874362946,
            0.0,
            6.51925802230835e-09
        ],
        "RPA": [
            0.07005263864994049,
            0.0,
            7.916241884231567e-09
        ],
        "coil1": [
            -0.06560975313186646,
            -0.022997790947556496,
            0.003608580445870757
        ],
        "coil2": [
            -0.04951918125152588,
            0.08575639873743057,
            0.04774291813373566
        ],
        "coil3": [
            0.043965477496385574,
            0.09322140365839005,
            0.05805671587586403
        ],
        "coil4": [
            0.07482293248176575,
            -0.019205862656235695,
            0.004778183996677399
        ]
    },
    "AnatomicalLandmarkCoordinateSystem": "ElektaNeuromag",
    "AnatomicalLandmarkCoordinateUnits": "m"
}
