{
    "AnatomicalLandmarkCoordinates": {
        "LPA": [
            192.85297263524114,
            149.3228054658317,
            103.351207012691
        ],
        "NAS": [
            127.48656169170759,
            142.11637437607925,
            198.62867130006498
        ],
        "RPA": [
            60.786596320754114,
            150.25451910849014,
            105.64625119345023
        ]
    }
}
