{
    "AnatomicalLandmarkCoordinates": {
        "LPA": [
            185.51635752914143,
            153.66508627887362,
            100.45503369164317
        ],
        "NAS": [
            141.0761464586263,
            187.90224883941846,
            181.6935524528478
        ],
        "RPA": [
            73.24853279403044,
            153.24806598627345,
            115.19714108343734
        ]
    }
}
