{
    "MEGCoordinateSystem": "ElektaNeuromag",
    "MEGCoordinateUnits": "m",
    "MEGCoordinateSystemDescription": "RAS orientation and the origin between the ears",
    "HeadCoilCoordinates": {
        "NAS": [
            1.1175870895385742e-08,
            0.09540385007858276,
            -7.450580596923828e-09
        ],
        "LPA": [
            -0.06699011474847794,
            -2.9802322387695312e-08,
            7.450580596923828e-09
        ],
        "RPA": [
            0.0675685703754425,
            0.0,
            7.450580596923828e-09
        ],
        "coil1": [
            0.06292957812547684,
            0.043036382645368576,
            0.08345899730920792
        ],
        "coil2": [
            0.06269890815019608,
            -0.0493181049823761,
            0.07041797786951065
        ],
        "coil3": [
            -0.05448681116104126,
            0.05012456700205803,
            0.08715944737195969
        ],
        "coil4": [
            -0.06600066274404526,
            -0.02926996350288391,
            0.08908950537443161
        ]
    },
    "HeadCoilCoordinateSystem": "ElektaNeuromag",
    "HeadCoilCoordinateUnits": "m",
    "AnatomicalLandmarkCoordinates": {
        "NAS": [
            1.1175870895385742e-08,
            0.09540385007858276,
            -7.450580596923828e-09
        ],
        "LPA": [
            -0.06699011474847794,
            -2.9802322387695312e-08,
            7.450580596923828e-09
        ],
        "RPA": [
            0.0675685703754425,
            0.0,
            7.450580596923828e-09
        ],
        "coil1": [
            0.06292957812547684,
            0.043036382645368576,
            0.08345899730920792
        ],
        "coil2": [
            0.06269890815019608,
            -0.0493181049823761,
            0.07041797786951065
        ],
        "coil3": [
            -0.05448681116104126,
            0.05012456700205803,
            0.08715944737195969
        ],
        "coil4": [
            -0.06600066274404526,
            -0.02926996350288391,
            0.08908950537443161
        ]
    },
    "AnatomicalLandmarkCoordinateSystem": "ElektaNeuromag",
    "AnatomicalLandmarkCoordinateUnits": "m"
}
