{
    "MEGCoordinateSystem": "ElektaNeuromag",
    "MEGCoordinateUnits": "m",
    "MEGCoordinateSystemDescription": "RAS orientation and the origin between the ears",
    "HeadCoilCoordinates": {
        "NAS": [
            -1.1175870895385742e-08,
            0.09750150144100189,
            -1.4901161193847656e-08
        ],
        "LPA": [
            -0.06887020915746689,
            1.4901161193847656e-08,
            0.0
        ],
        "RPA": [
            0.06673271209001541,
            0.0,
            0.0
        ],
        "coil1": [
            -0.06345901638269424,
            0.048481155186891556,
            0.07916297018527985
        ],
        "coil2": [
            0.06266751885414124,
            0.05702752247452736,
            0.07710770517587662
        ],
        "coil3": [
            -0.07199471443891525,
            -0.03840179368853569,
            0.06452538818120956
        ],
        "coil4": [
            0.06706102937459946,
            -0.03204220533370972,
            0.06725439429283142
        ]
    },
    "HeadCoilCoordinateSystem": "ElektaNeuromag",
    "HeadCoilCoordinateUnits": "m",
    "AnatomicalLandmarkCoordinates": {
        "NAS": [
            -1.1175870895385742e-08,
            0.09750150144100189,
            -1.4901161193847656e-08
        ],
        "LPA": [
            -0.06887020915746689,
            1.4901161193847656e-08,
            0.0
        ],
        "RPA": [
            0.06673271209001541,
            0.0,
            0.0
        ],
        "coil1": [
            -0.06345901638269424,
            0.048481155186891556,
            0.07916297018527985
        ],
        "coil2": [
            0.06266751885414124,
            0.05702752247452736,
            0.07710770517587662
        ],
        "coil3": [
            -0.07199471443891525,
            -0.03840179368853569,
            0.06452538818120956
        ],
        "coil4": [
            0.06706102937459946,
            -0.03204220533370972,
            0.06725439429283142
        ]
    },
    "AnatomicalLandmarkCoordinateSystem": "ElektaNeuromag",
    "AnatomicalLandmarkCoordinateUnits": "m"
}
