{
    "AnatomicalLandmarkCoordinates": {
        "LPA": [
            182.91281572710167,
            144.83474699439313,
            80.67860436148507
        ],
        "NAS": [
            156.7141398855236,
            161.1544015827635,
            192.24483331351504
        ],
        "RPA": [
            62.132978668907725,
            148.04955879097005,
            124.53471718174823
        ]
    }
}
