{
    "MEGCoordinateSystem": "ElektaNeuromag",
    "MEGCoordinateUnits": "m",
    "MEGCoordinateSystemDescription": "RAS orientation and the origin between the ears",
    "HeadCoilCoordinates": {
        "NAS": [
            7.450580596923828e-09,
            0.08500513434410095,
            3.725290298461914e-09
        ],
        "LPA": [
            -0.06205103546380997,
            0.0,
            3.725290298461914e-09
        ],
        "RPA": [
            0.05719258263707161,
            0.0,
            9.313225746154785e-09
        ],
        "coil1": [
            -0.04163731262087822,
            0.07469186186790466,
            0.05621981993317604
        ],
        "coil2": [
            -0.06473217159509659,
            -0.020108699798583984,
            0.0045675490982830524
        ],
        "coil3": [
            0.04245399311184883,
            0.07693565636873245,
            0.056429680436849594
        ],
        "coil4": [
            0.05962399020791054,
            -0.021386345848441124,
            0.0035899921786040068
        ]
    },
    "HeadCoilCoordinateSystem": "ElektaNeuromag",
    "HeadCoilCoordinateUnits": "m",
    "AnatomicalLandmarkCoordinates": {
        "NAS": [
            7.450580596923828e-09,
            0.08500513434410095,
            3.725290298461914e-09
        ],
        "LPA": [
            -0.06205103546380997,
            0.0,
            3.725290298461914e-09
        ],
        "RPA": [
            0.05719258263707161,
            0.0,
            9.313225746154785e-09
        ],
        "coil1": [
            -0.04163731262087822,
            0.07469186186790466,
            0.05621981993317604
        ],
        "coil2": [
            -0.06473217159509659,
            -0.020108699798583984,
            0.0045675490982830524
        ],
        "coil3": [
            0.04245399311184883,
            0.07693565636873245,
            0.056429680436849594
        ],
        "coil4": [
            0.05962399020791054,
            -0.021386345848441124,
            0.0035899921786040068
        ]
    },
    "AnatomicalLandmarkCoordinateSystem": "ElektaNeuromag",
    "AnatomicalLandmarkCoordinateUnits": "m"
}
