{
    "MEGCoordinateSystem": "ElektaNeuromag",
    "MEGCoordinateUnits": "m",
    "MEGCoordinateSystemDescription": "RAS orientation and the origin between the ears",
    "HeadCoilCoordinates": {
        "NAS": [
            3.725290298461914e-09,
            0.09602630138397217,
            0.0
        ],
        "LPA": [
            -0.06769673526287079,
            0.0,
            0.0
        ],
        "RPA": [
            0.061277925968170166,
            0.0,
            3.725290298461914e-09
        ],
        "coil1": [
            -0.06448069959878922,
            0.047335267066955566,
            0.07936225831508636
        ],
        "coil2": [
            -0.07321514934301376,
            -0.0368972085416317,
            0.06458685547113419
        ],
        "coil3": [
            0.0652843788266182,
            0.04171706363558769,
            0.0764508917927742
        ],
        "coil4": [
            0.060014307498931885,
            -0.041332557797431946,
            0.058719515800476074
        ]
    },
    "HeadCoilCoordinateSystem": "ElektaNeuromag",
    "HeadCoilCoordinateUnits": "m",
    "AnatomicalLandmarkCoordinates": {
        "NAS": [
            3.725290298461914e-09,
            0.09602630138397217,
            0.0
        ],
        "LPA": [
            -0.06769673526287079,
            0.0,
            0.0
        ],
        "RPA": [
            0.061277925968170166,
            0.0,
            3.725290298461914e-09
        ],
        "coil1": [
            -0.06448069959878922,
            0.047335267066955566,
            0.07936225831508636
        ],
        "coil2": [
            -0.07321514934301376,
            -0.0368972085416317,
            0.06458685547113419
        ],
        "coil3": [
            0.0652843788266182,
            0.04171706363558769,
            0.0764508917927742
        ],
        "coil4": [
            0.060014307498931885,
            -0.041332557797431946,
            0.058719515800476074
        ]
    },
    "AnatomicalLandmarkCoordinateSystem": "ElektaNeuromag",
    "AnatomicalLandmarkCoordinateUnits": "m"
}
