{
    "AnatomicalLandmarkCoordinates": {
        "LPA": [
            197.54545724578543,
            152.88301893266444,
            118.71095474342475
        ],
        "NAS": [
            123.06235488989334,
            130.80389891268226,
            205.19716858570854
        ],
        "RPA": [
            59.44468334081478,
            163.2848641247367,
            111.53698548278048
        ]
    }
}
