{
    "AnatomicalLandmarkCoordinates": {
        "LPA": [
            199.70532291896842,
            129.22197828932005,
            116.22607831212842
        ],
        "NAS": [
            130.10400456223894,
            157.25759457551584,
            204.36172055998222
        ],
        "RPA": [
            74.64768922452578,
            169.68040635996647,
            100.87646390675215
        ]
    }
}
