{
    "MEGCoordinateSystem": "ElektaNeuromag",
    "MEGCoordinateUnits": "m",
    "MEGCoordinateSystemDescription": "RAS orientation and the origin between the ears",
    "HeadCoilCoordinates": {
        "NAS": [
            -9.313225746154785e-09,
            0.08499491214752197,
            7.450580596923828e-09
        ],
        "LPA": [
            -0.06187846139073372,
            -5.960464477539063e-08,
            7.450580596923828e-09
        ],
        "RPA": [
            0.0615253821015358,
            0.0,
            1.4901161193847656e-08
        ],
        "coil1": [
            -0.04358525946736336,
            0.0788525938987732,
            0.04151477292180061
        ],
        "coil2": [
            0.0499253012239933,
            0.07541362196207047,
            0.04365691915154457
        ],
        "coil3": [
            -0.0647057592868805,
            -0.013707826845347881,
            0.013715925626456738
        ],
        "coil4": [
            0.06703492254018784,
            -0.008055239915847778,
            0.015383608639240265
        ]
    },
    "HeadCoilCoordinateSystem": "ElektaNeuromag",
    "HeadCoilCoordinateUnits": "m",
    "AnatomicalLandmarkCoordinates": {
        "NAS": [
            -9.313225746154785e-09,
            0.08499491214752197,
            7.450580596923828e-09
        ],
        "LPA": [
            -0.06187846139073372,
            -5.960464477539063e-08,
            7.450580596923828e-09
        ],
        "RPA": [
            0.0615253821015358,
            0.0,
            1.4901161193847656e-08
        ],
        "coil1": [
            -0.04358525946736336,
            0.0788525938987732,
            0.04151477292180061
        ],
        "coil2": [
            0.0499253012239933,
            0.07541362196207047,
            0.04365691915154457
        ],
        "coil3": [
            -0.0647057592868805,
            -0.013707826845347881,
            0.013715925626456738
        ],
        "coil4": [
            0.06703492254018784,
            -0.008055239915847778,
            0.015383608639240265
        ]
    },
    "AnatomicalLandmarkCoordinateSystem": "ElektaNeuromag",
    "AnatomicalLandmarkCoordinateUnits": "m"
}
