{
    "AnatomicalLandmarkCoordinates": {
        "LPA": [
            193.46837878807992,
            139.35520640320235,
            120.95563316691178
        ],
        "NAS": [
            128.73042396624498,
            145.83747858543865,
            210.110266195581
        ],
        "RPA": [
            60.37577689471618,
            146.4212741610834,
            123.12420527135946
        ]
    }
}
