{
    "AnatomicalLandmarkCoordinates": {
        "LPA": [
            191.72470480265847,
            170.26227458094434,
            135.33357335216306
        ],
        "NAS": [
            119.24155648578044,
            153.41364196894702,
            212.25351101850015
        ],
        "RPA": [
            70.29005386791387,
            189.7517311619,
            123.40858812382619
        ]
    }
}
