{
    "MEGCoordinateSystem": "ElektaNeuromag",
    "MEGCoordinateUnits": "m",
    "MEGCoordinateSystemDescription": "RAS orientation and the origin between the ears",
    "HeadCoilCoordinates": {
        "NAS": [
            -1.862645149230957e-09,
            0.08707040548324585,
            0.0
        ],
        "LPA": [
            -0.06556707620620728,
            0.0,
            0.0
        ],
        "RPA": [
            0.061260513961315155,
            0.0,
            -1.4901161193847656e-08
        ],
        "coil1": [
            -0.04462191462516785,
            0.073504738509655,
            0.06371942162513733
        ],
        "coil2": [
            -0.06629172712564468,
            -0.02581510879099369,
            0.0027235348243266344
        ],
        "coil3": [
            0.04361682012677193,
            0.07291465997695923,
            0.06243954971432686
        ],
        "coil4": [
            0.06318096071481705,
            -0.024544665589928627,
            0.0033620845060795546
        ]
    },
    "HeadCoilCoordinateSystem": "ElektaNeuromag",
    "HeadCoilCoordinateUnits": "m",
    "AnatomicalLandmarkCoordinates": {
        "NAS": [
            -1.862645149230957e-09,
            0.08707040548324585,
            0.0
        ],
        "LPA": [
            -0.06556707620620728,
            0.0,
            0.0
        ],
        "RPA": [
            0.061260513961315155,
            0.0,
            -1.4901161193847656e-08
        ],
        "coil1": [
            -0.04462191462516785,
            0.073504738509655,
            0.06371942162513733
        ],
        "coil2": [
            -0.06629172712564468,
            -0.02581510879099369,
            0.0027235348243266344
        ],
        "coil3": [
            0.04361682012677193,
            0.07291465997695923,
            0.06243954971432686
        ],
        "coil4": [
            0.06318096071481705,
            -0.024544665589928627,
            0.0033620845060795546
        ]
    },
    "AnatomicalLandmarkCoordinateSystem": "ElektaNeuromag",
    "AnatomicalLandmarkCoordinateUnits": "m"
}
