{
    "AnatomicalLandmarkCoordinates": {
        "LPA": [
            196.51707049012873,
            128.3279851659383,
            99.60028385501953
        ],
        "NAS": [
            128.03934278016206,
            126.7778350032163,
            186.9640952025713
        ],
        "RPA": [
            61.71072840668562,
            145.66192369165168,
            99.92102470473955
        ]
    }
}
