{
    "AnatomicalLandmarkCoordinates": {
        "LPA": [
            193.97048364174327,
            144.8150456722977,
            101.0791636317736
        ],
        "NAS": [
            126.71781793546221,
            129.36549966029688,
            187.3169643107036
        ],
        "RPA": [
            64.2632671679695,
            145.7323324072819,
            99.69063121261861
        ]
    }
}
