{
    "AnatomicalLandmarkCoordinates": {
        "LPA": [
            193.15714090377517,
            133.6490540877295,
            91.9631595270057
        ],
        "NAS": [
            129.7000359334444,
            159.53287853021604,
            176.71879081321504
        ],
        "RPA": [
            67.05639943388054,
            147.20058877316617,
            91.52610301237738
        ]
    }
}
