{
    "AnatomicalLandmarkCoordinates": {
        "LPA": [
            193.5924058210232,
            147.59126742330764,
            111.76370872833988
        ],
        "NAS": [
            124.54808144694377,
            149.8710112706224,
            192.66838554732402
        ],
        "RPA": [
            68.46608776212511,
            161.39596154947967,
            108.13721447796317
        ]
    }
}
