{
    "MEGCoordinateSystem": "ElektaNeuromag",
    "MEGCoordinateUnits": "m",
    "MEGCoordinateSystemDescription": "RAS orientation and the origin between the ears",
    "HeadCoilCoordinates": {
        "NAS": [
            1.862645149230957e-09,
            0.09082967042922974,
            -4.656612873077393e-10
        ],
        "LPA": [
            -0.06397172808647156,
            0.0,
            4.656612873077393e-10
        ],
        "RPA": [
            0.06276824325323105,
            0.0,
            4.656612873077393e-10
        ],
        "coil1": [
            -0.034129951149225235,
            0.09548734873533249,
            0.06318943947553635
        ],
        "coil2": [
            -0.05889313295483589,
            -0.03295088931918144,
            0.0067840442061424255
        ],
        "coil3": [
            0.023316675797104836,
            0.10298532992601395,
            0.06708697229623795
        ],
        "coil4": [
            0.06079733744263649,
            -0.029713550582528114,
            0.008028802461922169
        ]
    },
    "HeadCoilCoordinateSystem": "ElektaNeuromag",
    "HeadCoilCoordinateUnits": "m",
    "AnatomicalLandmarkCoordinates": {
        "NAS": [
            1.862645149230957e-09,
            0.09082967042922974,
            -4.656612873077393e-10
        ],
        "LPA": [
            -0.06397172808647156,
            0.0,
            4.656612873077393e-10
        ],
        "RPA": [
            0.06276824325323105,
            0.0,
            4.656612873077393e-10
        ],
        "coil1": [
            -0.034129951149225235,
            0.09548734873533249,
            0.06318943947553635
        ],
        "coil2": [
            -0.05889313295483589,
            -0.03295088931918144,
            0.0067840442061424255
        ],
        "coil3": [
            0.023316675797104836,
            0.10298532992601395,
            0.06708697229623795
        ],
        "coil4": [
            0.06079733744263649,
            -0.029713550582528114,
            0.008028802461922169
        ]
    },
    "AnatomicalLandmarkCoordinateSystem": "ElektaNeuromag",
    "AnatomicalLandmarkCoordinateUnits": "m"
}
