{
    "MEGCoordinateSystem": "ElektaNeuromag",
    "MEGCoordinateUnits": "m",
    "MEGCoordinateSystemDescription": "RAS orientation and the origin between the ears",
    "HeadCoilCoordinates": {
        "NAS": [
            5.9371814131736755e-09,
            0.09753265976905823,
            -7.450580596923828e-09
        ],
        "LPA": [
            -0.06768311560153961,
            2.9802322387695312e-08,
            -7.450580596923828e-09
        ],
        "RPA": [
            0.06960052996873856,
            5.960464477539063e-08,
            -7.450580596923828e-09
        ],
        "coil1": [
            -0.0452115535736084,
            0.09006384015083313,
            0.06768443435430527
        ],
        "coil2": [
            -0.06955382227897644,
            -0.01680716872215271,
            0.011374075897037983
        ],
        "coil3": [
            0.05240882560610771,
            0.08854877203702927,
            0.0635368600487709
        ],
        "coil4": [
            0.07075013220310211,
            -0.01853322982788086,
            0.014036507345736027
        ]
    },
    "HeadCoilCoordinateSystem": "ElektaNeuromag",
    "HeadCoilCoordinateUnits": "m",
    "AnatomicalLandmarkCoordinates": {
        "NAS": [
            5.9371814131736755e-09,
            0.09753265976905823,
            -7.450580596923828e-09
        ],
        "LPA": [
            -0.06768311560153961,
            2.9802322387695312e-08,
            -7.450580596923828e-09
        ],
        "RPA": [
            0.06960052996873856,
            5.960464477539063e-08,
            -7.450580596923828e-09
        ],
        "coil1": [
            -0.0452115535736084,
            0.09006384015083313,
            0.06768443435430527
        ],
        "coil2": [
            -0.06955382227897644,
            -0.01680716872215271,
            0.011374075897037983
        ],
        "coil3": [
            0.05240882560610771,
            0.08854877203702927,
            0.0635368600487709
        ],
        "coil4": [
            0.07075013220310211,
            -0.01853322982788086,
            0.014036507345736027
        ]
    },
    "AnatomicalLandmarkCoordinateSystem": "ElektaNeuromag",
    "AnatomicalLandmarkCoordinateUnits": "m"
}
