{
    "AnatomicalLandmarkCoordinates": {
        "LPA": [
            192.61986157436485,
            161.49827916027107,
            109.36032221536026
        ],
        "NAS": [
            117.2263894177624,
            175.14345830073233,
            198.83018297161908
        ],
        "RPA": [
            62.72379252484629,
            160.06903965196727,
            96.6382448052689
        ]
    }
}
