{
    "AnatomicalLandmarkCoordinates": {
        "LPA": [
            197.82308295162065,
            142.7692749410415,
            117.61817342810758
        ],
        "NAS": [
            129.8583313761208,
            143.85558701763216,
            215.45598291591403
        ],
        "RPA": [
            59.50363120298722,
            158.6815851437369,
            118.52948587920292
        ]
    }
}
