{
    "MEGCoordinateSystem": "ElektaNeuromag",
    "MEGCoordinateUnits": "m",
    "MEGCoordinateSystemDescription": "RAS orientation and the origin between the ears",
    "HeadCoilCoordinates": {
        "NAS": [
            -3.725290298461914e-09,
            0.09443998336791992,
            0.0
        ],
        "LPA": [
            -0.06695949286222458,
            0.0,
            -3.725290298461914e-09
        ],
        "RPA": [
            0.0651300698518753,
            0.0,
            0.0
        ],
        "coil1": [
            -0.049785662442445755,
            0.061602938920259476,
            0.0813092365860939
        ],
        "coil2": [
            -0.0718635693192482,
            -0.023708641529083252,
            0.06278713047504425
        ],
        "coil3": [
            0.06719938665628433,
            0.03770915046334267,
            0.07863538712263107
        ],
        "coil4": [
            0.0595862902700901,
            -0.050111573189496994,
            0.06461741775274277
        ]
    },
    "HeadCoilCoordinateSystem": "ElektaNeuromag",
    "HeadCoilCoordinateUnits": "m",
    "AnatomicalLandmarkCoordinates": {
        "NAS": [
            -3.725290298461914e-09,
            0.09443998336791992,
            0.0
        ],
        "LPA": [
            -0.06695949286222458,
            0.0,
            -3.725290298461914e-09
        ],
        "RPA": [
            0.0651300698518753,
            0.0,
            0.0
        ],
        "coil1": [
            -0.049785662442445755,
            0.061602938920259476,
            0.0813092365860939
        ],
        "coil2": [
            -0.0718635693192482,
            -0.023708641529083252,
            0.06278713047504425
        ],
        "coil3": [
            0.06719938665628433,
            0.03770915046334267,
            0.07863538712263107
        ],
        "coil4": [
            0.0595862902700901,
            -0.050111573189496994,
            0.06461741775274277
        ]
    },
    "AnatomicalLandmarkCoordinateSystem": "ElektaNeuromag",
    "AnatomicalLandmarkCoordinateUnits": "m"
}
