{
    "AnatomicalLandmarkCoordinates": {
        "LPA": [
            197.0088261904898,
            137.58772302373734,
            115.35930063272853
        ],
        "NAS": [
            129.54997616795848,
            119.8303141298236,
            204.94383778612936
        ],
        "RPA": [
            61.51894946775744,
            144.94134959455198,
            116.61959088295475
        ]
    }
}
