{
    "MEGCoordinateSystem": "ElektaNeuromag",
    "MEGCoordinateUnits": "m",
    "MEGCoordinateSystemDescription": "RAS orientation and the origin between the ears",
    "HeadCoilCoordinates": {
        "NAS": [
            4.6566128730773926e-09,
            0.08649981021881104,
            0.0
        ],
        "LPA": [
            -0.05881839618086815,
            0.0,
            7.450580596923828e-09
        ],
        "RPA": [
            0.0620289146900177,
            0.0,
            7.450580596923828e-09
        ],
        "coil1": [
            0.051839884370565414,
            0.0516134612262249,
            0.08471933007240295
        ],
        "coil2": [
            0.06951764225959778,
            -0.0237959623336792,
            0.08914730697870255
        ],
        "coil3": [
            -0.061912670731544495,
            0.03361110761761665,
            0.07623936235904694
        ],
        "coil4": [
            -0.06045401096343994,
            -0.04429544135928154,
            0.060952454805374146
        ]
    },
    "HeadCoilCoordinateSystem": "ElektaNeuromag",
    "HeadCoilCoordinateUnits": "m",
    "AnatomicalLandmarkCoordinates": {
        "NAS": [
            4.6566128730773926e-09,
            0.08649981021881104,
            0.0
        ],
        "LPA": [
            -0.05881839618086815,
            0.0,
            7.450580596923828e-09
        ],
        "RPA": [
            0.0620289146900177,
            0.0,
            7.450580596923828e-09
        ],
        "coil1": [
            0.051839884370565414,
            0.0516134612262249,
            0.08471933007240295
        ],
        "coil2": [
            0.06951764225959778,
            -0.0237959623336792,
            0.08914730697870255
        ],
        "coil3": [
            -0.061912670731544495,
            0.03361110761761665,
            0.07623936235904694
        ],
        "coil4": [
            -0.06045401096343994,
            -0.04429544135928154,
            0.060952454805374146
        ]
    },
    "AnatomicalLandmarkCoordinateSystem": "ElektaNeuromag",
    "AnatomicalLandmarkCoordinateUnits": "m"
}
