{
    "AnatomicalLandmarkCoordinates": {
        "LPA": [
            193.73693247180606,
            142.65958278285746,
            118.96864112342845
        ],
        "NAS": [
            120.93134448756146,
            144.825153381843,
            208.71587324072573
        ],
        "RPA": [
            62.28839964462557,
            146.93361716786137,
            110.0821917026629
        ]
    }
}
