{
    "MEGCoordinateSystem": "ElektaNeuromag",
    "MEGCoordinateUnits": "m",
    "MEGCoordinateSystemDescription": "RAS orientation and the origin between the ears",
    "HeadCoilCoordinates": {
        "NAS": [
            7.450580596923828e-09,
            0.08780652284622192,
            0.0
        ],
        "LPA": [
            -0.06792683899402618,
            2.9802322387695312e-08,
            0.0
        ],
        "RPA": [
            0.0679897665977478,
            2.9802322387695312e-08,
            -1.4901161193847656e-08
        ],
        "coil1": [
            -0.053004439920186996,
            0.07304412871599197,
            0.04856818541884422
        ],
        "coil2": [
            -0.06696214526891708,
            -0.02461458183825016,
            0.006228109356015921
        ],
        "coil3": [
            0.0569596104323864,
            0.06951657682657242,
            0.04504108056426048
        ],
        "coil4": [
            0.06897284835577011,
            -0.024099022150039673,
            0.008253510110080242
        ]
    },
    "HeadCoilCoordinateSystem": "ElektaNeuromag",
    "HeadCoilCoordinateUnits": "m",
    "AnatomicalLandmarkCoordinates": {
        "NAS": [
            7.450580596923828e-09,
            0.08780652284622192,
            0.0
        ],
        "LPA": [
            -0.06792683899402618,
            2.9802322387695312e-08,
            0.0
        ],
        "RPA": [
            0.0679897665977478,
            2.9802322387695312e-08,
            -1.4901161193847656e-08
        ],
        "coil1": [
            -0.053004439920186996,
            0.07304412871599197,
            0.04856818541884422
        ],
        "coil2": [
            -0.06696214526891708,
            -0.02461458183825016,
            0.006228109356015921
        ],
        "coil3": [
            0.0569596104323864,
            0.06951657682657242,
            0.04504108056426048
        ],
        "coil4": [
            0.06897284835577011,
            -0.024099022150039673,
            0.008253510110080242
        ]
    },
    "AnatomicalLandmarkCoordinateSystem": "ElektaNeuromag",
    "AnatomicalLandmarkCoordinateUnits": "m"
}
