{
    "AnatomicalLandmarkCoordinates": {
        "LPA": [
            190.79058501673455,
            130.79348469208256,
            118.47628986106383
        ],
        "NAS": [
            135.38695550529533,
            115.32820955927177,
            213.29272315795413
        ],
        "RPA": [
            63.10322745199598,
            141.6320072146927,
            133.88344291935584
        ]
    }
}
