{
    "MEGCoordinateSystem": "ElektaNeuromag",
    "MEGCoordinateUnits": "m",
    "MEGCoordinateSystemDescription": "RAS orientation and the origin between the ears",
    "HeadCoilCoordinates": {
        "NAS": [
            -1.4901161193847656e-08,
            0.09542593359947205,
            1.862645149230957e-09
        ],
        "LPA": [
            -0.07219266891479492,
            1.4901161193847656e-08,
            3.725290298461914e-09
        ],
        "RPA": [
            0.06811058521270752,
            0.0,
            7.450580596923828e-09
        ],
        "coil1": [
            -0.06987041980028152,
            0.044835165143013,
            0.07757788151502609
        ],
        "coil2": [
            -0.06660373508930206,
            -0.04819876328110695,
            0.06153397634625435
        ],
        "coil3": [
            0.06293406337499619,
            0.056163985282182693,
            0.08304867148399353
        ],
        "coil4": [
            0.07364463061094284,
            -0.030888253822922707,
            0.07366606593132019
        ]
    },
    "HeadCoilCoordinateSystem": "ElektaNeuromag",
    "HeadCoilCoordinateUnits": "m",
    "AnatomicalLandmarkCoordinates": {
        "NAS": [
            -1.4901161193847656e-08,
            0.09542593359947205,
            1.862645149230957e-09
        ],
        "LPA": [
            -0.07219266891479492,
            1.4901161193847656e-08,
            3.725290298461914e-09
        ],
        "RPA": [
            0.06811058521270752,
            0.0,
            7.450580596923828e-09
        ],
        "coil1": [
            -0.06987041980028152,
            0.044835165143013,
            0.07757788151502609
        ],
        "coil2": [
            -0.06660373508930206,
            -0.04819876328110695,
            0.06153397634625435
        ],
        "coil3": [
            0.06293406337499619,
            0.056163985282182693,
            0.08304867148399353
        ],
        "coil4": [
            0.07364463061094284,
            -0.030888253822922707,
            0.07366606593132019
        ]
    },
    "AnatomicalLandmarkCoordinateSystem": "ElektaNeuromag",
    "AnatomicalLandmarkCoordinateUnits": "m"
}
