{
    "MEGCoordinateSystem": "ElektaNeuromag",
    "MEGCoordinateUnits": "m",
    "MEGCoordinateSystemDescription": "RAS orientation and the origin between the ears",
    "HeadCoilCoordinates": {
        "NAS": [
            -3.725290298461914e-09,
            0.09059146046638489,
            1.4901161193847656e-08
        ],
        "LPA": [
            -0.060162607580423355,
            0.0,
            0.0
        ],
        "RPA": [
            0.06289108097553253,
            0.0,
            1.4901161193847656e-08
        ],
        "coil1": [
            -0.05821644142270088,
            -0.025071600452065468,
            -0.011168996803462505
        ],
        "coil2": [
            -0.03433922305703163,
            0.09622305631637573,
            0.05329431965947151
        ],
        "coil3": [
            0.04629775881767273,
            0.08841095119714737,
            0.05632951483130455
        ],
        "coil4": [
            0.05628063157200813,
            -0.026049762964248657,
            -0.014277815818786621
        ]
    },
    "HeadCoilCoordinateSystem": "ElektaNeuromag",
    "HeadCoilCoordinateUnits": "m",
    "AnatomicalLandmarkCoordinates": {
        "NAS": [
            -3.725290298461914e-09,
            0.09059146046638489,
            1.4901161193847656e-08
        ],
        "LPA": [
            -0.060162607580423355,
            0.0,
            0.0
        ],
        "RPA": [
            0.06289108097553253,
            0.0,
            1.4901161193847656e-08
        ],
        "coil1": [
            -0.05821644142270088,
            -0.025071600452065468,
            -0.011168996803462505
        ],
        "coil2": [
            -0.03433922305703163,
            0.09622305631637573,
            0.05329431965947151
        ],
        "coil3": [
            0.04629775881767273,
            0.08841095119714737,
            0.05632951483130455
        ],
        "coil4": [
            0.05628063157200813,
            -0.026049762964248657,
            -0.014277815818786621
        ]
    },
    "AnatomicalLandmarkCoordinateSystem": "ElektaNeuromag",
    "AnatomicalLandmarkCoordinateUnits": "m"
}
