{
    "MEGCoordinateSystem": "ElektaNeuromag",
    "MEGCoordinateUnits": "m",
    "MEGCoordinateSystemDescription": "RAS orientation and the origin between the ears",
    "HeadCoilCoordinates": {
        "NAS": [
            0.0,
            0.09930984675884247,
            4.6566128730773926e-09
        ],
        "LPA": [
            -0.06323626637458801,
            0.0,
            1.1175870895385742e-08
        ],
        "RPA": [
            0.06489597260951996,
            -1.4901161193847656e-08,
            9.313225746154785e-09
        ],
        "coil1": [
            -0.024813486263155937,
            0.09727493673563004,
            0.07769308239221573
        ],
        "coil2": [
            -0.06761645525693893,
            -0.0184608343988657,
            0.00880129262804985
        ],
        "coil3": [
            0.04615947604179382,
            0.08314044028520584,
            0.0770718902349472
        ],
        "coil4": [
            0.06948714703321457,
            -0.019495442509651184,
            0.007273249328136444
        ]
    },
    "HeadCoilCoordinateSystem": "ElektaNeuromag",
    "HeadCoilCoordinateUnits": "m",
    "AnatomicalLandmarkCoordinates": {
        "NAS": [
            0.0,
            0.09930984675884247,
            4.6566128730773926e-09
        ],
        "LPA": [
            -0.06323626637458801,
            0.0,
            1.1175870895385742e-08
        ],
        "RPA": [
            0.06489597260951996,
            -1.4901161193847656e-08,
            9.313225746154785e-09
        ],
        "coil1": [
            -0.024813486263155937,
            0.09727493673563004,
            0.07769308239221573
        ],
        "coil2": [
            -0.06761645525693893,
            -0.0184608343988657,
            0.00880129262804985
        ],
        "coil3": [
            0.04615947604179382,
            0.08314044028520584,
            0.0770718902349472
        ],
        "coil4": [
            0.06948714703321457,
            -0.019495442509651184,
            0.007273249328136444
        ]
    },
    "AnatomicalLandmarkCoordinateSystem": "ElektaNeuromag",
    "AnatomicalLandmarkCoordinateUnits": "m"
}
