{
    "AnatomicalLandmarkCoordinates": {
        "LPA": [
            184.80589122371305,
            151.82758955292093,
            116.0176941040329
        ],
        "NAS": [
            129.6756395443841,
            148.4576352032323,
            205.47377485240108
        ],
        "RPA": [
            61.82382095449445,
            147.93693648074836,
            125.44022186564413
        ]
    }
}
