{
    "AnatomicalLandmarkCoordinates": {
        "LPA": [
            194.4774803011786,
            149.5405112243583,
            116.09393632969352
        ],
        "NAS": [
            114.35560190912979,
            154.40747462823543,
            204.44799338946524
        ],
        "RPA": [
            60.04734897624397,
            141.25388138622807,
            100.34519209792849
        ]
    }
}
