{
    "AnatomicalLandmarkCoordinates": {
        "LPA": [
            188.27480459384492,
            155.80141031486136,
            117.17940179822315
        ],
        "NAS": [
            128.25572688470933,
            126.56661217218954,
            205.97950625544738
        ],
        "RPA": [
            61.66455555415624,
            152.38316062059056,
            121.78322793645887
        ]
    }
}
