{
    "AnatomicalLandmarkCoordinates": {
        "LPA": [
            191.19891676742537,
            138.6682365510763,
            109.76818612619621
        ],
        "NAS": [
            133.6689032353424,
            129.16796761650497,
            204.10071385943246
        ],
        "RPA": [
            59.11154936098495,
            146.6277348334493,
            123.52431370185971
        ]
    }
}
