{
    "MEGCoordinateSystem": "ElektaNeuromag",
    "MEGCoordinateUnits": "m",
    "MEGCoordinateSystemDescription": "RAS orientation and the origin between the ears",
    "HeadCoilCoordinates": {
        "NAS": [
            7.450580596923828e-09,
            0.09026196599006653,
            0.0
        ],
        "LPA": [
            -0.06476330757141113,
            0.0,
            0.0
        ],
        "RPA": [
            0.07138095796108246,
            2.9802322387695312e-08,
            -7.450580596923828e-09
        ],
        "coil1": [
            -0.06317241489887238,
            0.050066184252500534,
            0.07844230532646179
        ],
        "coil2": [
            -0.06507369130849838,
            -0.0334022156894207,
            0.06623422354459763
        ],
        "coil3": [
            0.06708520650863647,
            0.04731294512748718,
            0.08063367754220963
        ],
        "coil4": [
            0.07296983152627945,
            -0.034669727087020874,
            0.0696825459599495
        ]
    },
    "HeadCoilCoordinateSystem": "ElektaNeuromag",
    "HeadCoilCoordinateUnits": "m",
    "AnatomicalLandmarkCoordinates": {
        "NAS": [
            7.450580596923828e-09,
            0.09026196599006653,
            0.0
        ],
        "LPA": [
            -0.06476330757141113,
            0.0,
            0.0
        ],
        "RPA": [
            0.07138095796108246,
            2.9802322387695312e-08,
            -7.450580596923828e-09
        ],
        "coil1": [
            -0.06317241489887238,
            0.050066184252500534,
            0.07844230532646179
        ],
        "coil2": [
            -0.06507369130849838,
            -0.0334022156894207,
            0.06623422354459763
        ],
        "coil3": [
            0.06708520650863647,
            0.04731294512748718,
            0.08063367754220963
        ],
        "coil4": [
            0.07296983152627945,
            -0.034669727087020874,
            0.0696825459599495
        ]
    },
    "AnatomicalLandmarkCoordinateSystem": "ElektaNeuromag",
    "AnatomicalLandmarkCoordinateUnits": "m"
}
