{
    "AnatomicalLandmarkCoordinates": {
        "LPA": [
            192.01144340841222,
            143.73601490058851,
            107.33340626142292
        ],
        "NAS": [
            126.06782318007173,
            128.0988234122289,
            194.70145575155854
        ],
        "RPA": [
            63.97222017808818,
            159.75779571651623,
            108.9152130576009
        ]
    }
}
