{
    "AnatomicalLandmarkCoordinates": {
        "LPA": [
            190.03770737515146,
            164.94844713186382,
            96.6741548240295
        ],
        "NAS": [
            132.19623518224216,
            169.30462521472185,
            198.61704169590985
        ],
        "RPA": [
            59.536904126788684,
            163.4219987368801,
            107.12844111768739
        ]
    }
}
