{
    "MEGCoordinateSystem": "ElektaNeuromag",
    "MEGCoordinateUnits": "m",
    "MEGCoordinateSystemDescription": "RAS orientation and the origin between the ears",
    "HeadCoilCoordinates": {
        "NAS": [
            7.450580596923828e-09,
            0.08756491541862488,
            0.0
        ],
        "LPA": [
            -0.0669206902384758,
            0.0,
            1.862645149230957e-09
        ],
        "RPA": [
            0.06685900688171387,
            -2.9802322387695312e-08,
            0.0
        ],
        "coil1": [
            -0.04485141858458519,
            0.07820334285497665,
            0.06554630398750305
        ],
        "coil2": [
            -0.06939318031072617,
            -0.019096484407782555,
            0.01008258294314146
        ],
        "coil3": [
            0.03697286173701286,
            0.08621751517057419,
            0.06685587018728256
        ],
        "coil4": [
            0.06898987293243408,
            -0.024696296080946922,
            0.012086411006748676
        ]
    },
    "HeadCoilCoordinateSystem": "ElektaNeuromag",
    "HeadCoilCoordinateUnits": "m",
    "AnatomicalLandmarkCoordinates": {
        "NAS": [
            7.450580596923828e-09,
            0.08756491541862488,
            0.0
        ],
        "LPA": [
            -0.0669206902384758,
            0.0,
            1.862645149230957e-09
        ],
        "RPA": [
            0.06685900688171387,
            -2.9802322387695312e-08,
            0.0
        ],
        "coil1": [
            -0.04485141858458519,
            0.07820334285497665,
            0.06554630398750305
        ],
        "coil2": [
            -0.06939318031072617,
            -0.019096484407782555,
            0.01008258294314146
        ],
        "coil3": [
            0.03697286173701286,
            0.08621751517057419,
            0.06685587018728256
        ],
        "coil4": [
            0.06898987293243408,
            -0.024696296080946922,
            0.012086411006748676
        ]
    },
    "AnatomicalLandmarkCoordinateSystem": "ElektaNeuromag",
    "AnatomicalLandmarkCoordinateUnits": "m"
}
