{
    "AnatomicalLandmarkCoordinates": {
        "LPA": [
            196.32326715520165,
            130.75366756725757,
            90.3305126963532
        ],
        "NAS": [
            133.8193613721459,
            139.2590655070105,
            186.76377683414947
        ],
        "RPA": [
            59.70233084672449,
            160.32958613532293,
            105.80698030716596
        ]
    }
}
