{
    "MEGCoordinateSystem": "ElektaNeuromag",
    "MEGCoordinateUnits": "m",
    "MEGCoordinateSystemDescription": "RAS orientation and the origin between the ears",
    "HeadCoilCoordinates": {
        "NAS": [
            -1.862645149230957e-09,
            0.09553384780883789,
            2.7939677238464355e-09
        ],
        "LPA": [
            -0.06638845056295395,
            -2.9802322387695312e-08,
            -2.7939677238464355e-09
        ],
        "RPA": [
            0.0759744718670845,
            0.0,
            -1.3969838619232178e-08
        ],
        "coil1": [
            -0.04109494015574455,
            0.08348721265792847,
            0.07154610008001328
        ],
        "coil2": [
            -0.06537719815969467,
            -0.017529180273413658,
            0.0018716882914304733
        ],
        "coil3": [
            0.05232572183012962,
            0.07482738047838211,
            0.07477343827486038
        ],
        "coil4": [
            0.07647822052240372,
            -0.024904808029532433,
            0.007227465510368347
        ]
    },
    "HeadCoilCoordinateSystem": "ElektaNeuromag",
    "HeadCoilCoordinateUnits": "m",
    "AnatomicalLandmarkCoordinates": {
        "NAS": [
            -1.862645149230957e-09,
            0.09553384780883789,
            2.7939677238464355e-09
        ],
        "LPA": [
            -0.06638845056295395,
            -2.9802322387695312e-08,
            -2.7939677238464355e-09
        ],
        "RPA": [
            0.0759744718670845,
            0.0,
            -1.3969838619232178e-08
        ],
        "coil1": [
            -0.04109494015574455,
            0.08348721265792847,
            0.07154610008001328
        ],
        "coil2": [
            -0.06537719815969467,
            -0.017529180273413658,
            0.0018716882914304733
        ],
        "coil3": [
            0.05232572183012962,
            0.07482738047838211,
            0.07477343827486038
        ],
        "coil4": [
            0.07647822052240372,
            -0.024904808029532433,
            0.007227465510368347
        ]
    },
    "AnatomicalLandmarkCoordinateSystem": "ElektaNeuromag",
    "AnatomicalLandmarkCoordinateUnits": "m"
}
