{
    "AnatomicalLandmarkCoordinates": {
        "LPA": [
            186.17019929491426,
            157.6550317869548,
            111.770086254717
        ],
        "NAS": [
            127.40646845885263,
            153.54642247401787,
            201.84194664757493
        ],
        "RPA": [
            62.1306378695419,
            155.5494506351073,
            118.7828591835424
        ]
    }
}
