{
    "MEGCoordinateSystem": "ElektaNeuromag",
    "MEGCoordinateUnits": "m",
    "MEGCoordinateSystemDescription": "RAS orientation and the origin between the ears",
    "HeadCoilCoordinates": {
        "NAS": [
            -3.6670826375484467e-09,
            0.09152427315711975,
            7.450580596923828e-09
        ],
        "LPA": [
            -0.06617796421051025,
            0.0,
            1.4901161193847656e-08
        ],
        "RPA": [
            0.06624066084623337,
            2.9802322387695312e-08,
            0.0
        ],
        "coil1": [
            -0.028973279520869255,
            0.09989538043737411,
            0.05121169611811638
        ],
        "coil2": [
            -0.0676540657877922,
            -0.017924120649695396,
            0.01590321771800518
        ],
        "coil3": [
            0.05329133942723274,
            0.07984054088592529,
            0.06396932154893875
        ],
        "coil4": [
            0.06766360253095627,
            -0.020204603672027588,
            0.009374908171594143
        ]
    },
    "HeadCoilCoordinateSystem": "ElektaNeuromag",
    "HeadCoilCoordinateUnits": "m",
    "AnatomicalLandmarkCoordinates": {
        "NAS": [
            -3.6670826375484467e-09,
            0.09152427315711975,
            7.450580596923828e-09
        ],
        "LPA": [
            -0.06617796421051025,
            0.0,
            1.4901161193847656e-08
        ],
        "RPA": [
            0.06624066084623337,
            2.9802322387695312e-08,
            0.0
        ],
        "coil1": [
            -0.028973279520869255,
            0.09989538043737411,
            0.05121169611811638
        ],
        "coil2": [
            -0.0676540657877922,
            -0.017924120649695396,
            0.01590321771800518
        ],
        "coil3": [
            0.05329133942723274,
            0.07984054088592529,
            0.06396932154893875
        ],
        "coil4": [
            0.06766360253095627,
            -0.020204603672027588,
            0.009374908171594143
        ]
    },
    "AnatomicalLandmarkCoordinateSystem": "ElektaNeuromag",
    "AnatomicalLandmarkCoordinateUnits": "m"
}
