{
    "MEGCoordinateSystem": "ElektaNeuromag",
    "MEGCoordinateUnits": "m",
    "MEGCoordinateSystemDescription": "RAS orientation and the origin between the ears",
    "HeadCoilCoordinates": {
        "NAS": [
            -1.862645149230957e-09,
            0.09616199135780334,
            0.0
        ],
        "LPA": [
            -0.0681024119257927,
            0.0,
            0.0
        ],
        "RPA": [
            0.06926044076681137,
            0.0,
            -4.656612873077393e-10
        ],
        "coil1": [
            -0.04556933417916298,
            0.07913049310445786,
            0.0680936798453331
        ],
        "coil2": [
            -0.06808693706989288,
            -0.02288619615137577,
            0.0015785578871145844
        ],
        "coil3": [
            0.042541246861219406,
            0.08735208958387375,
            0.07052304595708847
        ],
        "coil4": [
            0.07093197852373123,
            -0.022390523925423622,
            0.008882567286491394
        ]
    },
    "HeadCoilCoordinateSystem": "ElektaNeuromag",
    "HeadCoilCoordinateUnits": "m",
    "AnatomicalLandmarkCoordinates": {
        "NAS": [
            -1.862645149230957e-09,
            0.09616199135780334,
            0.0
        ],
        "LPA": [
            -0.0681024119257927,
            0.0,
            0.0
        ],
        "RPA": [
            0.06926044076681137,
            0.0,
            -4.656612873077393e-10
        ],
        "coil1": [
            -0.04556933417916298,
            0.07913049310445786,
            0.0680936798453331
        ],
        "coil2": [
            -0.06808693706989288,
            -0.02288619615137577,
            0.0015785578871145844
        ],
        "coil3": [
            0.042541246861219406,
            0.08735208958387375,
            0.07052304595708847
        ],
        "coil4": [
            0.07093197852373123,
            -0.022390523925423622,
            0.008882567286491394
        ]
    },
    "AnatomicalLandmarkCoordinateSystem": "ElektaNeuromag",
    "AnatomicalLandmarkCoordinateUnits": "m"
}
