{
    "MEGCoordinateSystem": "ElektaNeuromag",
    "MEGCoordinateUnits": "m",
    "MEGCoordinateSystemDescription": "RAS orientation and the origin between the ears",
    "HeadCoilCoordinates": {
        "NAS": [
            0.0,
            0.08813798427581787,
            0.0
        ],
        "LPA": [
            -0.0664324089884758,
            0.0,
            1.1175870895385742e-08
        ],
        "RPA": [
            0.06686526536941528,
            -1.4901161193847656e-08,
            7.450580596923828e-09
        ],
        "coil1": [
            0.06406667083501816,
            0.04201563075184822,
            0.07458827644586563
        ],
        "coil2": [
            0.0667162761092186,
            -0.04294262453913689,
            0.06871553510427475
        ],
        "coil3": [
            -0.060767631977796555,
            0.045750368386507034,
            0.08002793043851852
        ],
        "coil4": [
            -0.07119213044643402,
            -0.03856171295046806,
            0.07275579869747162
        ]
    },
    "HeadCoilCoordinateSystem": "ElektaNeuromag",
    "HeadCoilCoordinateUnits": "m",
    "AnatomicalLandmarkCoordinates": {
        "NAS": [
            0.0,
            0.08813798427581787,
            0.0
        ],
        "LPA": [
            -0.0664324089884758,
            0.0,
            1.1175870895385742e-08
        ],
        "RPA": [
            0.06686526536941528,
            -1.4901161193847656e-08,
            7.450580596923828e-09
        ],
        "coil1": [
            0.06406667083501816,
            0.04201563075184822,
            0.07458827644586563
        ],
        "coil2": [
            0.0667162761092186,
            -0.04294262453913689,
            0.06871553510427475
        ],
        "coil3": [
            -0.060767631977796555,
            0.045750368386507034,
            0.08002793043851852
        ],
        "coil4": [
            -0.07119213044643402,
            -0.03856171295046806,
            0.07275579869747162
        ]
    },
    "AnatomicalLandmarkCoordinateSystem": "ElektaNeuromag",
    "AnatomicalLandmarkCoordinateUnits": "m"
}
