{
    "AnatomicalLandmarkCoordinates": {
        "LPA": [
            194.6277774269144,
            145.54914684582164,
            108.05943371683259
        ],
        "NAS": [
            126.79044159619079,
            145.44753777535345,
            203.98642211617323
        ],
        "RPA": [
            65.69166117414687,
            148.6999786298352,
            107.90106226791147
        ]
    }
}
