{
    "AnatomicalLandmarkCoordinates": {
        "LPA": [
            198.94165898845958,
            160.3474907413145,
            114.50087411186398
        ],
        "NAS": [
            127.68323489135445,
            147.31375697439157,
            216.4546387703234
        ],
        "RPA": [
            54.99763730288376,
            162.64381916387765,
            113.06298927478565
        ]
    }
}
