{
    "MEGCoordinateSystem": "ElektaNeuromag",
    "MEGCoordinateUnits": "m",
    "MEGCoordinateSystemDescription": "RAS orientation and the origin between the ears",
    "HeadCoilCoordinates": {
        "NAS": [
            7.450580596923828e-09,
            0.10449406504631042,
            -1.4901161193847656e-08
        ],
        "LPA": [
            -0.06789930164813995,
            -1.4901161193847656e-08,
            -1.1175870895385742e-08
        ],
        "RPA": [
            0.07104120403528214,
            -1.4901161193847656e-08,
            -1.4901161193847656e-08
        ],
        "coil1": [
            -0.044492464512586594,
            0.08349910378456116,
            0.06733406335115433
        ],
        "coil2": [
            -0.07214251160621643,
            -0.014378751628100872,
            0.013850127346813679
        ],
        "coil3": [
            0.04133210703730583,
            0.08706697076559067,
            0.06608893722295761
        ],
        "coil4": [
            0.07771528512239456,
            -0.017928242683410645,
            0.013608068227767944
        ]
    },
    "HeadCoilCoordinateSystem": "ElektaNeuromag",
    "HeadCoilCoordinateUnits": "m",
    "AnatomicalLandmarkCoordinates": {
        "NAS": [
            7.450580596923828e-09,
            0.10449406504631042,
            -1.4901161193847656e-08
        ],
        "LPA": [
            -0.06789930164813995,
            -1.4901161193847656e-08,
            -1.1175870895385742e-08
        ],
        "RPA": [
            0.07104120403528214,
            -1.4901161193847656e-08,
            -1.4901161193847656e-08
        ],
        "coil1": [
            -0.044492464512586594,
            0.08349910378456116,
            0.06733406335115433
        ],
        "coil2": [
            -0.07214251160621643,
            -0.014378751628100872,
            0.013850127346813679
        ],
        "coil3": [
            0.04133210703730583,
            0.08706697076559067,
            0.06608893722295761
        ],
        "coil4": [
            0.07771528512239456,
            -0.017928242683410645,
            0.013608068227767944
        ]
    },
    "AnatomicalLandmarkCoordinateSystem": "ElektaNeuromag",
    "AnatomicalLandmarkCoordinateUnits": "m"
}
