{
    "MEGCoordinateSystem": "ElektaNeuromag",
    "MEGCoordinateUnits": "m",
    "MEGCoordinateSystemDescription": "RAS orientation and the origin between the ears",
    "HeadCoilCoordinates": {
        "NAS": [
            -2.9802322387695312e-08,
            0.09705208241939545,
            0.0
        ],
        "LPA": [
            -0.06309211254119873,
            -1.4901161193847656e-08,
            7.450580596923828e-09
        ],
        "RPA": [
            0.06544370949268341,
            0.0,
            0.0
        ],
        "coil1": [
            -0.04080519080162048,
            0.08542728424072266,
            0.06313227862119675
        ],
        "coil2": [
            -0.06253853440284729,
            -0.019336512312293053,
            0.008516117930412292
        ],
        "coil3": [
            0.056574080139398575,
            0.07180855423212051,
            0.06046376749873161
        ],
        "coil4": [
            0.06631830334663391,
            -0.024244189262390137,
            0.00645969295874238
        ]
    },
    "HeadCoilCoordinateSystem": "ElektaNeuromag",
    "HeadCoilCoordinateUnits": "m",
    "AnatomicalLandmarkCoordinates": {
        "NAS": [
            -2.9802322387695312e-08,
            0.09705208241939545,
            0.0
        ],
        "LPA": [
            -0.06309211254119873,
            -1.4901161193847656e-08,
            7.450580596923828e-09
        ],
        "RPA": [
            0.06544370949268341,
            0.0,
            0.0
        ],
        "coil1": [
            -0.04080519080162048,
            0.08542728424072266,
            0.06313227862119675
        ],
        "coil2": [
            -0.06253853440284729,
            -0.019336512312293053,
            0.008516117930412292
        ],
        "coil3": [
            0.056574080139398575,
            0.07180855423212051,
            0.06046376749873161
        ],
        "coil4": [
            0.06631830334663391,
            -0.024244189262390137,
            0.00645969295874238
        ]
    },
    "AnatomicalLandmarkCoordinateSystem": "ElektaNeuromag",
    "AnatomicalLandmarkCoordinateUnits": "m"
}
