{
    "AnatomicalLandmarkCoordinates": {
        "LPA": [
            206.22325490446926,
            145.16131154760726,
            110.76128445288518
        ],
        "NAS": [
            130.56626311613212,
            156.5667555992011,
            202.76029016024313
        ],
        "RPA": [
            66.93575435967912,
            160.758271463754,
            104.37966616282391
        ]
    }
}
