{
    "AnatomicalLandmarkCoordinates": {
        "LPA": [
            194.80552833116732,
            140.5609834694255,
            104.11139316383677
        ],
        "NAS": [
            128.53489355482495,
            136.65650538384702,
            196.02148238661957
        ],
        "RPA": [
            65.73079820089717,
            152.55221501440022,
            105.81829791428643
        ]
    }
}
