{
    "MEGCoordinateSystem": "ElektaNeuromag",
    "MEGCoordinateUnits": "m",
    "MEGCoordinateSystemDescription": "RAS orientation and the origin between the ears",
    "HeadCoilCoordinates": {
        "NAS": [
            -1.1175870895385742e-08,
            0.09038753807544708,
            -7.450580596923828e-09
        ],
        "LPA": [
            -0.06476042419672012,
            0.0,
            0.0
        ],
        "RPA": [
            0.06122449040412903,
            -1.4901161193847656e-08,
            -3.725290298461914e-09
        ],
        "coil1": [
            -0.049112897366285324,
            0.08275339007377625,
            0.04691672325134277
        ],
        "coil2": [
            -0.067962646484375,
            -0.019086360931396484,
            0.0082086818292737
        ],
        "coil3": [
            0.01678902842104435,
            0.09933129698038101,
            0.054969776421785355
        ],
        "coil4": [
            0.06701970845460892,
            -0.02246624231338501,
            0.007561298552900553
        ]
    },
    "HeadCoilCoordinateSystem": "ElektaNeuromag",
    "HeadCoilCoordinateUnits": "m",
    "AnatomicalLandmarkCoordinates": {
        "NAS": [
            -1.1175870895385742e-08,
            0.09038753807544708,
            -7.450580596923828e-09
        ],
        "LPA": [
            -0.06476042419672012,
            0.0,
            0.0
        ],
        "RPA": [
            0.06122449040412903,
            -1.4901161193847656e-08,
            -3.725290298461914e-09
        ],
        "coil1": [
            -0.049112897366285324,
            0.08275339007377625,
            0.04691672325134277
        ],
        "coil2": [
            -0.067962646484375,
            -0.019086360931396484,
            0.0082086818292737
        ],
        "coil3": [
            0.01678902842104435,
            0.09933129698038101,
            0.054969776421785355
        ],
        "coil4": [
            0.06701970845460892,
            -0.02246624231338501,
            0.007561298552900553
        ]
    },
    "AnatomicalLandmarkCoordinateSystem": "ElektaNeuromag",
    "AnatomicalLandmarkCoordinateUnits": "m"
}
