{
    "AnatomicalLandmarkCoordinates": {
        "LPA": [
            182.3527274822012,
            157.32651772861203,
            120.68684426639757
        ],
        "NAS": [
            126.1279189884193,
            138.76684518732318,
            204.87611541676512
        ],
        "RPA": [
            66.79521414785792,
            150.53448446088294,
            123.44374669811644
        ]
    }
}
