{
    "MEGCoordinateSystem": "ElektaNeuromag",
    "MEGCoordinateUnits": "m",
    "MEGCoordinateSystemDescription": "RAS orientation and the origin between the ears",
    "HeadCoilCoordinates": {
        "NAS": [
            3.725290298461914e-09,
            0.09207285940647125,
            1.862645149230957e-09
        ],
        "LPA": [
            -0.06584051251411438,
            -2.9802322387695312e-08,
            -9.313225746154785e-10
        ],
        "RPA": [
            0.06653586030006409,
            0.0,
            -3.725290298461914e-09
        ],
        "coil1": [
            -0.04167216643691063,
            0.08264751732349396,
            0.062182653695344925
        ],
        "coil2": [
            -0.06952081620693207,
            -0.017219245433807373,
            0.016919804736971855
        ],
        "coil3": [
            0.05111762508749962,
            0.07975252717733383,
            0.0594182014465332
        ],
        "coil4": [
            0.07269378751516342,
            -0.013799781911075115,
            0.017731288447976112
        ]
    },
    "HeadCoilCoordinateSystem": "ElektaNeuromag",
    "HeadCoilCoordinateUnits": "m",
    "AnatomicalLandmarkCoordinates": {
        "NAS": [
            3.725290298461914e-09,
            0.09207285940647125,
            1.862645149230957e-09
        ],
        "LPA": [
            -0.06584051251411438,
            -2.9802322387695312e-08,
            -9.313225746154785e-10
        ],
        "RPA": [
            0.06653586030006409,
            0.0,
            -3.725290298461914e-09
        ],
        "coil1": [
            -0.04167216643691063,
            0.08264751732349396,
            0.062182653695344925
        ],
        "coil2": [
            -0.06952081620693207,
            -0.017219245433807373,
            0.016919804736971855
        ],
        "coil3": [
            0.05111762508749962,
            0.07975252717733383,
            0.0594182014465332
        ],
        "coil4": [
            0.07269378751516342,
            -0.013799781911075115,
            0.017731288447976112
        ]
    },
    "AnatomicalLandmarkCoordinateSystem": "ElektaNeuromag",
    "AnatomicalLandmarkCoordinateUnits": "m"
}
