{
    "MEGCoordinateSystem": "ElektaNeuromag",
    "MEGCoordinateUnits": "m",
    "MEGCoordinateSystemDescription": "RAS orientation and the origin between the ears",
    "HeadCoilCoordinates": {
        "NAS": [
            -2.7939677238464355e-09,
            0.09742672741413116,
            3.725290298461914e-09
        ],
        "LPA": [
            -0.06990449130535126,
            0.0,
            -5.587935447692871e-09
        ],
        "RPA": [
            0.06765097379684448,
            1.4901161193847656e-08,
            -5.587935447692871e-09
        ],
        "coil1": [
            -0.03957490622997284,
            0.08649798482656479,
            0.06597549468278885
        ],
        "coil2": [
            -0.07386595755815506,
            -0.02220906876027584,
            0.011963828466832638
        ],
        "coil3": [
            0.05243125185370445,
            0.07952382415533066,
            0.06457454711198807
        ],
        "coil4": [
            0.06767570227384567,
            -0.023775676265358925,
            0.011869549751281738
        ]
    },
    "HeadCoilCoordinateSystem": "ElektaNeuromag",
    "HeadCoilCoordinateUnits": "m",
    "AnatomicalLandmarkCoordinates": {
        "NAS": [
            -2.7939677238464355e-09,
            0.09742672741413116,
            3.725290298461914e-09
        ],
        "LPA": [
            -0.06990449130535126,
            0.0,
            -5.587935447692871e-09
        ],
        "RPA": [
            0.06765097379684448,
            1.4901161193847656e-08,
            -5.587935447692871e-09
        ],
        "coil1": [
            -0.03957490622997284,
            0.08649798482656479,
            0.06597549468278885
        ],
        "coil2": [
            -0.07386595755815506,
            -0.02220906876027584,
            0.011963828466832638
        ],
        "coil3": [
            0.05243125185370445,
            0.07952382415533066,
            0.06457454711198807
        ],
        "coil4": [
            0.06767570227384567,
            -0.023775676265358925,
            0.011869549751281738
        ]
    },
    "AnatomicalLandmarkCoordinateSystem": "ElektaNeuromag",
    "AnatomicalLandmarkCoordinateUnits": "m"
}
