{
    "MEGCoordinateSystem": "ElektaNeuromag",
    "MEGCoordinateUnits": "m",
    "MEGCoordinateSystemDescription": "RAS orientation and the origin between the ears",
    "HeadCoilCoordinates": {
        "NAS": [
            1.4901161193847656e-08,
            0.08530882000923157,
            7.450580596923828e-09
        ],
        "LPA": [
            -0.05628178268671036,
            0.0,
            0.0
        ],
        "RPA": [
            0.057400792837142944,
            0.0,
            0.0
        ],
        "coil1": [
            -0.056461527943611145,
            -0.02194712497293949,
            0.009402617812156677
        ],
        "coil2": [
            -0.03129544481635094,
            0.09212546795606613,
            0.06446674466133118
        ],
        "coil3": [
            0.040974412113428116,
            0.09190941601991653,
            0.05125520005822182
        ],
        "coil4": [
            0.058154020458459854,
            -0.022310754284262657,
            0.005370881408452988
        ]
    },
    "HeadCoilCoordinateSystem": "ElektaNeuromag",
    "HeadCoilCoordinateUnits": "m",
    "AnatomicalLandmarkCoordinates": {
        "NAS": [
            1.4901161193847656e-08,
            0.08530882000923157,
            7.450580596923828e-09
        ],
        "LPA": [
            -0.05628178268671036,
            0.0,
            0.0
        ],
        "RPA": [
            0.057400792837142944,
            0.0,
            0.0
        ],
        "coil1": [
            -0.056461527943611145,
            -0.02194712497293949,
            0.009402617812156677
        ],
        "coil2": [
            -0.03129544481635094,
            0.09212546795606613,
            0.06446674466133118
        ],
        "coil3": [
            0.040974412113428116,
            0.09190941601991653,
            0.05125520005822182
        ],
        "coil4": [
            0.058154020458459854,
            -0.022310754284262657,
            0.005370881408452988
        ]
    },
    "AnatomicalLandmarkCoordinateSystem": "ElektaNeuromag",
    "AnatomicalLandmarkCoordinateUnits": "m"
}
