{
    "AnatomicalLandmarkCoordinates": {
        "LPA": [
            196.4715457443307,
            130.48140724402649,
            101.56123289703528
        ],
        "NAS": [
            144.23499275776703,
            126.06844855654265,
            207.213336783501
        ],
        "RPA": [
            64.35331647992426,
            150.32479257877935,
            129.93986499689842
        ]
    }
}
