{
    "AnatomicalLandmarkCoordinates": {
        "LPA": [
            186.90427213758653,
            139.53535089480275,
            104.62261212574263
        ],
        "NAS": [
            127.0186647325858,
            148.14124493760613,
            189.9541870625389
        ],
        "RPA": [
            66.0860616332885,
            141.57535322090405,
            102.9259637146212
        ]
    }
}
