{
    "MEGCoordinateSystem": "ElektaNeuromag",
    "MEGCoordinateUnits": "m",
    "MEGCoordinateSystemDescription": "RAS orientation and the origin between the ears",
    "HeadCoilCoordinates": {
        "NAS": [
            -1.4901161193847656e-08,
            0.08997753262519836,
            -7.450580596923828e-09
        ],
        "LPA": [
            -0.06483004242181778,
            0.0,
            -3.725290298461914e-09
        ],
        "RPA": [
            0.06423934549093246,
            -2.9802322387695312e-08,
            -3.725290298461914e-09
        ],
        "coil1": [
            -0.024795928969979286,
            0.09722469002008438,
            0.04738248884677887
        ],
        "coil2": [
            -0.06422825157642365,
            -0.02383233606815338,
            0.0031359943095594645
        ],
        "coil3": [
            0.04255133494734764,
            0.08611738681793213,
            0.04514159634709358
        ],
        "coil4": [
            0.06561973690986633,
            -0.02109755016863346,
            0.012354032136499882
        ]
    },
    "HeadCoilCoordinateSystem": "ElektaNeuromag",
    "HeadCoilCoordinateUnits": "m",
    "AnatomicalLandmarkCoordinates": {
        "NAS": [
            -1.4901161193847656e-08,
            0.08997753262519836,
            -7.450580596923828e-09
        ],
        "LPA": [
            -0.06483004242181778,
            0.0,
            -3.725290298461914e-09
        ],
        "RPA": [
            0.06423934549093246,
            -2.9802322387695312e-08,
            -3.725290298461914e-09
        ],
        "coil1": [
            -0.024795928969979286,
            0.09722469002008438,
            0.04738248884677887
        ],
        "coil2": [
            -0.06422825157642365,
            -0.02383233606815338,
            0.0031359943095594645
        ],
        "coil3": [
            0.04255133494734764,
            0.08611738681793213,
            0.04514159634709358
        ],
        "coil4": [
            0.06561973690986633,
            -0.02109755016863346,
            0.012354032136499882
        ]
    },
    "AnatomicalLandmarkCoordinateSystem": "ElektaNeuromag",
    "AnatomicalLandmarkCoordinateUnits": "m"
}
