{
    "MEGCoordinateSystem": "ElektaNeuromag",
    "MEGCoordinateUnits": "m",
    "MEGCoordinateSystemDescription": "RAS orientation and the origin between the ears",
    "HeadCoilCoordinates": {
        "NAS": [
            0.0,
            0.091666579246521,
            0.0
        ],
        "LPA": [
            -0.06811888515949249,
            2.9802322387695312e-08,
            0.0
        ],
        "RPA": [
            0.06791315972805023,
            2.9802322387695312e-08,
            0.0
        ],
        "coil1": [
            -0.043227311223745346,
            0.07903635501861572,
            0.06161262467503548
        ],
        "coil2": [
            -0.06786986440420151,
            -0.023639580234885216,
            0.007449934724718332
        ],
        "coil3": [
            0.03428378701210022,
            0.09148206561803818,
            0.055599089711904526
        ],
        "coil4": [
            0.06541215628385544,
            -0.02584136463701725,
            0.00729364762082696
        ]
    },
    "HeadCoilCoordinateSystem": "ElektaNeuromag",
    "HeadCoilCoordinateUnits": "m",
    "AnatomicalLandmarkCoordinates": {
        "NAS": [
            0.0,
            0.091666579246521,
            0.0
        ],
        "LPA": [
            -0.06811888515949249,
            2.9802322387695312e-08,
            0.0
        ],
        "RPA": [
            0.06791315972805023,
            2.9802322387695312e-08,
            0.0
        ],
        "coil1": [
            -0.043227311223745346,
            0.07903635501861572,
            0.06161262467503548
        ],
        "coil2": [
            -0.06786986440420151,
            -0.023639580234885216,
            0.007449934724718332
        ],
        "coil3": [
            0.03428378701210022,
            0.09148206561803818,
            0.055599089711904526
        ],
        "coil4": [
            0.06541215628385544,
            -0.02584136463701725,
            0.00729364762082696
        ]
    },
    "AnatomicalLandmarkCoordinateSystem": "ElektaNeuromag",
    "AnatomicalLandmarkCoordinateUnits": "m"
}
