{
    "MEGCoordinateSystem": "ElektaNeuromag",
    "MEGCoordinateUnits": "m",
    "MEGCoordinateSystemDescription": "RAS orientation and the origin between the ears",
    "HeadCoilCoordinates": {
        "NAS": [
            3.725290298461914e-09,
            0.0915876179933548,
            7.450580596923828e-09
        ],
        "LPA": [
            -0.06682974100112915,
            0.0,
            -7.450580596923828e-09
        ],
        "RPA": [
            0.06281203031539917,
            0.0,
            -7.450580596923828e-09
        ],
        "coil1": [
            -0.04100257530808449,
            0.08170056343078613,
            0.0653744637966156
        ],
        "coil2": [
            -0.06801500171422958,
            -0.021908661350607872,
            0.009781639091670513
        ],
        "coil3": [
            0.03996863216161728,
            0.08801456540822983,
            0.064886175096035
        ],
        "coil4": [
            0.060433875769376755,
            -0.027996256947517395,
            -0.003934942185878754
        ]
    },
    "HeadCoilCoordinateSystem": "ElektaNeuromag",
    "HeadCoilCoordinateUnits": "m",
    "AnatomicalLandmarkCoordinates": {
        "NAS": [
            3.725290298461914e-09,
            0.0915876179933548,
            7.450580596923828e-09
        ],
        "LPA": [
            -0.06682974100112915,
            0.0,
            -7.450580596923828e-09
        ],
        "RPA": [
            0.06281203031539917,
            0.0,
            -7.450580596923828e-09
        ],
        "coil1": [
            -0.04100257530808449,
            0.08170056343078613,
            0.0653744637966156
        ],
        "coil2": [
            -0.06801500171422958,
            -0.021908661350607872,
            0.009781639091670513
        ],
        "coil3": [
            0.03996863216161728,
            0.08801456540822983,
            0.064886175096035
        ],
        "coil4": [
            0.060433875769376755,
            -0.027996256947517395,
            -0.003934942185878754
        ]
    },
    "AnatomicalLandmarkCoordinateSystem": "ElektaNeuromag",
    "AnatomicalLandmarkCoordinateUnits": "m"
}
