{
    "AnatomicalLandmarkCoordinates": {
        "LPA": [
            200.83276461525784,
            148.83479699849113,
            115.70957342819523
        ],
        "NAS": [
            137.3658831550888,
            150.15396994074797,
            213.1998875412032
        ],
        "RPA": [
            58.58152092139157,
            152.49329754054287,
            119.99911674969856
        ]
    }
}
