{
    "MEGCoordinateSystem": "ElektaNeuromag",
    "MEGCoordinateUnits": "m",
    "MEGCoordinateSystemDescription": "RAS orientation and the origin between the ears",
    "HeadCoilCoordinates": {
        "NAS": [
            -5.587935447692871e-09,
            0.08435609936714172,
            0.0
        ],
        "LPA": [
            -0.06188491731882095,
            5.960464477539063e-08,
            0.0
        ],
        "RPA": [
            0.06370178610086441,
            2.9802322387695312e-08,
            -7.450580596923828e-09
        ],
        "coil1": [
            0.07218419760465622,
            -0.0401126928627491,
            0.06433401256799698
        ],
        "coil2": [
            0.07272941619157791,
            0.03496935963630676,
            0.0847122073173523
        ],
        "coil3": [
            -0.051536500453948975,
            0.041585832834243774,
            0.09754520654678345
        ],
        "coil4": [
            -0.06233320012688637,
            -0.04141509532928467,
            0.07863859087228775
        ]
    },
    "HeadCoilCoordinateSystem": "ElektaNeuromag",
    "HeadCoilCoordinateUnits": "m",
    "AnatomicalLandmarkCoordinates": {
        "NAS": [
            -5.587935447692871e-09,
            0.08435609936714172,
            0.0
        ],
        "LPA": [
            -0.06188491731882095,
            5.960464477539063e-08,
            0.0
        ],
        "RPA": [
            0.06370178610086441,
            2.9802322387695312e-08,
            -7.450580596923828e-09
        ],
        "coil1": [
            0.07218419760465622,
            -0.0401126928627491,
            0.06433401256799698
        ],
        "coil2": [
            0.07272941619157791,
            0.03496935963630676,
            0.0847122073173523
        ],
        "coil3": [
            -0.051536500453948975,
            0.041585832834243774,
            0.09754520654678345
        ],
        "coil4": [
            -0.06233320012688637,
            -0.04141509532928467,
            0.07863859087228775
        ]
    },
    "AnatomicalLandmarkCoordinateSystem": "ElektaNeuromag",
    "AnatomicalLandmarkCoordinateUnits": "m"
}
