{
    "MEGCoordinateSystem": "ElektaNeuromag",
    "MEGCoordinateUnits": "m",
    "MEGCoordinateSystemDescription": "RAS orientation and the origin between the ears",
    "HeadCoilCoordinates": {
        "NAS": [
            1.4901161193847656e-08,
            0.09083700180053711,
            7.450580596923828e-09
        ],
        "LPA": [
            -0.06387840211391449,
            -2.9802322387695312e-08,
            7.450580596923828e-09
        ],
        "RPA": [
            0.06433656811714172,
            0.0,
            0.0
        ],
        "coil1": [
            -0.05901166424155235,
            0.04447260499000549,
            0.08410602807998657
        ],
        "coil2": [
            -0.06704411655664444,
            -0.03489210084080696,
            0.07640107721090317
        ],
        "coil3": [
            0.06134221330285072,
            0.04615586996078491,
            0.08422046154737473
        ],
        "coil4": [
            0.07051586359739304,
            -0.03179043531417847,
            0.0764012336730957
        ]
    },
    "HeadCoilCoordinateSystem": "ElektaNeuromag",
    "HeadCoilCoordinateUnits": "m",
    "AnatomicalLandmarkCoordinates": {
        "NAS": [
            1.4901161193847656e-08,
            0.09083700180053711,
            7.450580596923828e-09
        ],
        "LPA": [
            -0.06387840211391449,
            -2.9802322387695312e-08,
            7.450580596923828e-09
        ],
        "RPA": [
            0.06433656811714172,
            0.0,
            0.0
        ],
        "coil1": [
            -0.05901166424155235,
            0.04447260499000549,
            0.08410602807998657
        ],
        "coil2": [
            -0.06704411655664444,
            -0.03489210084080696,
            0.07640107721090317
        ],
        "coil3": [
            0.06134221330285072,
            0.04615586996078491,
            0.08422046154737473
        ],
        "coil4": [
            0.07051586359739304,
            -0.03179043531417847,
            0.0764012336730957
        ]
    },
    "AnatomicalLandmarkCoordinateSystem": "ElektaNeuromag",
    "AnatomicalLandmarkCoordinateUnits": "m"
}
