{
    "MEGCoordinateSystem": "ElektaNeuromag",
    "MEGCoordinateUnits": "m",
    "MEGCoordinateSystemDescription": "RAS orientation and the origin between the ears",
    "HeadCoilCoordinates": {
        "NAS": [
            -1.862645149230957e-09,
            0.08976933360099792,
            0.0
        ],
        "LPA": [
            -0.06455793976783752,
            0.0,
            7.450580596923828e-09
        ],
        "RPA": [
            0.06448952853679657,
            -1.4901161193847656e-08,
            7.450580596923828e-09
        ],
        "coil1": [
            -0.029466090723872185,
            0.09364042431116104,
            0.05841870233416557
        ],
        "coil2": [
            -0.06599325686693192,
            -0.020196059718728065,
            0.004080630373209715
        ],
        "coil3": [
            0.043071214109659195,
            0.08145242184400558,
            0.06467656046152115
        ],
        "coil4": [
            0.06515341252088547,
            -0.01848790980875492,
            0.011984775774180889
        ]
    },
    "HeadCoilCoordinateSystem": "ElektaNeuromag",
    "HeadCoilCoordinateUnits": "m",
    "AnatomicalLandmarkCoordinates": {
        "NAS": [
            -1.862645149230957e-09,
            0.08976933360099792,
            0.0
        ],
        "LPA": [
            -0.06455793976783752,
            0.0,
            7.450580596923828e-09
        ],
        "RPA": [
            0.06448952853679657,
            -1.4901161193847656e-08,
            7.450580596923828e-09
        ],
        "coil1": [
            -0.029466090723872185,
            0.09364042431116104,
            0.05841870233416557
        ],
        "coil2": [
            -0.06599325686693192,
            -0.020196059718728065,
            0.004080630373209715
        ],
        "coil3": [
            0.043071214109659195,
            0.08145242184400558,
            0.06467656046152115
        ],
        "coil4": [
            0.06515341252088547,
            -0.01848790980875492,
            0.011984775774180889
        ]
    },
    "AnatomicalLandmarkCoordinateSystem": "ElektaNeuromag",
    "AnatomicalLandmarkCoordinateUnits": "m"
}
