{
    "MEGCoordinateSystem": "ElektaNeuromag",
    "MEGCoordinateUnits": "m",
    "MEGCoordinateSystemDescription": "RAS orientation and the origin between the ears",
    "HeadCoilCoordinates": {
        "NAS": [
            1.1175870895385742e-08,
            0.09164106845855713,
            0.0
        ],
        "LPA": [
            -0.06541767716407776,
            -1.4901161193847656e-08,
            1.862645149230957e-09
        ],
        "RPA": [
            0.0662788450717926,
            -1.4901161193847656e-08,
            1.862645149230957e-09
        ],
        "coil1": [
            -0.06151162460446358,
            -0.022857660427689552,
            -0.009524885565042496
        ],
        "coil2": [
            -0.04345385357737541,
            0.07975158840417862,
            0.07076823711395264
        ],
        "coil3": [
            0.054588813334703445,
            0.07334505766630173,
            0.06734585762023926
        ],
        "coil4": [
            0.06617408245801926,
            -0.024369558319449425,
            -0.0001083276656572707
        ]
    },
    "HeadCoilCoordinateSystem": "ElektaNeuromag",
    "HeadCoilCoordinateUnits": "m",
    "AnatomicalLandmarkCoordinates": {
        "NAS": [
            1.1175870895385742e-08,
            0.09164106845855713,
            0.0
        ],
        "LPA": [
            -0.06541767716407776,
            -1.4901161193847656e-08,
            1.862645149230957e-09
        ],
        "RPA": [
            0.0662788450717926,
            -1.4901161193847656e-08,
            1.862645149230957e-09
        ],
        "coil1": [
            -0.06151162460446358,
            -0.022857660427689552,
            -0.009524885565042496
        ],
        "coil2": [
            -0.04345385357737541,
            0.07975158840417862,
            0.07076823711395264
        ],
        "coil3": [
            0.054588813334703445,
            0.07334505766630173,
            0.06734585762023926
        ],
        "coil4": [
            0.06617408245801926,
            -0.024369558319449425,
            -0.0001083276656572707
        ]
    },
    "AnatomicalLandmarkCoordinateSystem": "ElektaNeuromag",
    "AnatomicalLandmarkCoordinateUnits": "m"
}
