{
    "AnatomicalLandmarkCoordinates": {
        "LPA": [
            194.31703414989346,
            168.16356644649005,
            135.22993089936944
        ],
        "NAS": [
            121.08237686131861,
            161.18733224104835,
            225.0137895837954
        ],
        "RPA": [
            68.76319173869041,
            182.95887431515038,
            126.15221619377158
        ]
    }
}
