{
    "MEGCoordinateSystem": "ElektaNeuromag",
    "MEGCoordinateUnits": "m",
    "MEGCoordinateSystemDescription": "RAS orientation and the origin between the ears",
    "HeadCoilCoordinates": {
        "NAS": [
            7.450580596923828e-09,
            0.09762701392173767,
            7.450580596923828e-09
        ],
        "LPA": [
            -0.06261062622070312,
            -2.9802322387695312e-08,
            7.450580596923828e-09
        ],
        "RPA": [
            0.06680663675069809,
            -5.960464477539063e-08,
            7.450580596923828e-09
        ],
        "coil1": [
            -0.040403518825769424,
            0.09051552414894104,
            0.06645546108484268
        ],
        "coil2": [
            -0.06679379194974899,
            -0.010094915516674519,
            0.015547145158052444
        ],
        "coil3": [
            0.037870168685913086,
            0.09294585138559341,
            0.06943338364362717
        ],
        "coil4": [
            0.06712528318166733,
            -0.0214675460010767,
            0.001653826329857111
        ]
    },
    "HeadCoilCoordinateSystem": "ElektaNeuromag",
    "HeadCoilCoordinateUnits": "m",
    "AnatomicalLandmarkCoordinates": {
        "NAS": [
            7.450580596923828e-09,
            0.09762701392173767,
            7.450580596923828e-09
        ],
        "LPA": [
            -0.06261062622070312,
            -2.9802322387695312e-08,
            7.450580596923828e-09
        ],
        "RPA": [
            0.06680663675069809,
            -5.960464477539063e-08,
            7.450580596923828e-09
        ],
        "coil1": [
            -0.040403518825769424,
            0.09051552414894104,
            0.06645546108484268
        ],
        "coil2": [
            -0.06679379194974899,
            -0.010094915516674519,
            0.015547145158052444
        ],
        "coil3": [
            0.037870168685913086,
            0.09294585138559341,
            0.06943338364362717
        ],
        "coil4": [
            0.06712528318166733,
            -0.0214675460010767,
            0.001653826329857111
        ]
    },
    "AnatomicalLandmarkCoordinateSystem": "ElektaNeuromag",
    "AnatomicalLandmarkCoordinateUnits": "m"
}
