{
    "MEGCoordinateSystem": "ElektaNeuromag",
    "MEGCoordinateUnits": "m",
    "MEGCoordinateSystemDescription": "RAS orientation and the origin between the ears",
    "HeadCoilCoordinates": {
        "NAS": [
            0.0,
            0.08906269818544388,
            0.0
        ],
        "LPA": [
            -0.07311835885047913,
            1.4901161193847656e-08,
            0.0
        ],
        "RPA": [
            0.0675213634967804,
            -1.4901161193847656e-08,
            0.0
        ],
        "coil1": [
            -0.04971013590693474,
            0.07277949899435043,
            0.07378848642110825
        ],
        "coil2": [
            -0.07534617930650711,
            -0.018161920830607414,
            0.009922817349433899
        ],
        "coil3": [
            0.04918397590517998,
            0.07139774411916733,
            0.06996222585439682
        ],
        "coil4": [
            0.06977177411317825,
            -0.02167288027703762,
            0.013749892823398113
        ]
    },
    "HeadCoilCoordinateSystem": "ElektaNeuromag",
    "HeadCoilCoordinateUnits": "m",
    "AnatomicalLandmarkCoordinates": {
        "NAS": [
            0.0,
            0.08906269818544388,
            0.0
        ],
        "LPA": [
            -0.07311835885047913,
            1.4901161193847656e-08,
            0.0
        ],
        "RPA": [
            0.0675213634967804,
            -1.4901161193847656e-08,
            0.0
        ],
        "coil1": [
            -0.04971013590693474,
            0.07277949899435043,
            0.07378848642110825
        ],
        "coil2": [
            -0.07534617930650711,
            -0.018161920830607414,
            0.009922817349433899
        ],
        "coil3": [
            0.04918397590517998,
            0.07139774411916733,
            0.06996222585439682
        ],
        "coil4": [
            0.06977177411317825,
            -0.02167288027703762,
            0.013749892823398113
        ]
    },
    "AnatomicalLandmarkCoordinateSystem": "ElektaNeuromag",
    "AnatomicalLandmarkCoordinateUnits": "m"
}
