{
    "MEGCoordinateSystem": "ElektaNeuromag",
    "MEGCoordinateUnits": "m",
    "MEGCoordinateSystemDescription": "RAS orientation and the origin between the ears",
    "HeadCoilCoordinates": {
        "NAS": [
            -4.16184775531292e-09,
            0.0866641253232956,
            -1.4901161193847656e-08
        ],
        "LPA": [
            -0.06381472945213318,
            1.4901161193847656e-08,
            0.0
        ],
        "RPA": [
            0.060440707951784134,
            1.4901161193847656e-08,
            0.0
        ],
        "coil1": [
            -0.04054151102900505,
            0.0774327889084816,
            0.06552062183618546
        ],
        "coil2": [
            -0.06363988667726517,
            -0.02926059067249298,
            6.362667136272648e-06
        ],
        "coil3": [
            0.041402678936719894,
            0.07660803943872452,
            0.06437930464744568
        ],
        "coil4": [
            0.06189928576350212,
            -0.02615640126168728,
            0.0028167644049972296
        ]
    },
    "HeadCoilCoordinateSystem": "ElektaNeuromag",
    "HeadCoilCoordinateUnits": "m",
    "AnatomicalLandmarkCoordinates": {
        "NAS": [
            -4.16184775531292e-09,
            0.0866641253232956,
            -1.4901161193847656e-08
        ],
        "LPA": [
            -0.06381472945213318,
            1.4901161193847656e-08,
            0.0
        ],
        "RPA": [
            0.060440707951784134,
            1.4901161193847656e-08,
            0.0
        ],
        "coil1": [
            -0.04054151102900505,
            0.0774327889084816,
            0.06552062183618546
        ],
        "coil2": [
            -0.06363988667726517,
            -0.02926059067249298,
            6.362667136272648e-06
        ],
        "coil3": [
            0.041402678936719894,
            0.07660803943872452,
            0.06437930464744568
        ],
        "coil4": [
            0.06189928576350212,
            -0.02615640126168728,
            0.0028167644049972296
        ]
    },
    "AnatomicalLandmarkCoordinateSystem": "ElektaNeuromag",
    "AnatomicalLandmarkCoordinateUnits": "m"
}
