{
    "MEGCoordinateSystem": "ElektaNeuromag",
    "MEGCoordinateUnits": "m",
    "MEGCoordinateSystemDescription": "RAS orientation and the origin between the ears",
    "HeadCoilCoordinates": {
        "NAS": [
            -7.450580596923828e-09,
            0.0823117196559906,
            1.4901161193847656e-08
        ],
        "LPA": [
            -0.05451231449842453,
            0.0,
            1.4901161193847656e-08
        ],
        "RPA": [
            0.058720044791698456,
            -2.9802322387695312e-08,
            1.4901161193847656e-08
        ],
        "coil1": [
            -0.05190899968147278,
            -0.023392925038933754,
            -0.003363097785040736
        ],
        "coil2": [
            -0.03390410915017128,
            0.08861016482114792,
            0.05541414022445679
        ],
        "coil3": [
            0.0416325107216835,
            0.07933693379163742,
            0.059752315282821655
        ],
        "coil4": [
            0.05586400255560875,
            -0.015544663183391094,
            -0.004984671249985695
        ]
    },
    "HeadCoilCoordinateSystem": "ElektaNeuromag",
    "HeadCoilCoordinateUnits": "m",
    "AnatomicalLandmarkCoordinates": {
        "NAS": [
            -7.450580596923828e-09,
            0.0823117196559906,
            1.4901161193847656e-08
        ],
        "LPA": [
            -0.05451231449842453,
            0.0,
            1.4901161193847656e-08
        ],
        "RPA": [
            0.058720044791698456,
            -2.9802322387695312e-08,
            1.4901161193847656e-08
        ],
        "coil1": [
            -0.05190899968147278,
            -0.023392925038933754,
            -0.003363097785040736
        ],
        "coil2": [
            -0.03390410915017128,
            0.08861016482114792,
            0.05541414022445679
        ],
        "coil3": [
            0.0416325107216835,
            0.07933693379163742,
            0.059752315282821655
        ],
        "coil4": [
            0.05586400255560875,
            -0.015544663183391094,
            -0.004984671249985695
        ]
    },
    "AnatomicalLandmarkCoordinateSystem": "ElektaNeuromag",
    "AnatomicalLandmarkCoordinateUnits": "m"
}
