{
    "AnatomicalLandmarkCoordinates": {
        "LPA": [
            194.68978080375902,
            141.84524205822117,
            111.15144631886209
        ],
        "NAS": [
            126.75958232139156,
            139.12932769826463,
            197.08474483091533
        ],
        "RPA": [
            65.13556346256814,
            149.7029850821804,
            109.12225150772203
        ]
    }
}
