{
    "MEGCoordinateSystem": "ElektaNeuromag",
    "MEGCoordinateUnits": "m",
    "MEGCoordinateSystemDescription": "RAS orientation and the origin between the ears",
    "HeadCoilCoordinates": {
        "NAS": [
            -2.561137080192566e-09,
            0.09353812038898468,
            3.725290298461914e-09
        ],
        "LPA": [
            -0.07184090465307236,
            0.0,
            3.725290298461914e-09
        ],
        "RPA": [
            0.06473993510007858,
            0.0,
            1.1175870895385742e-08
        ],
        "coil1": [
            -0.0508132129907608,
            0.07557127624750137,
            0.0576498806476593
        ],
        "coil2": [
            -0.07492995262145996,
            -0.022567396983504295,
            0.008019918575882912
        ],
        "coil3": [
            0.04504365846514702,
            0.07663137465715408,
            0.06449592113494873
        ],
        "coil4": [
            0.06824597716331482,
            -0.02740110456943512,
            0.009496580809354782
        ]
    },
    "HeadCoilCoordinateSystem": "ElektaNeuromag",
    "HeadCoilCoordinateUnits": "m",
    "AnatomicalLandmarkCoordinates": {
        "NAS": [
            -2.561137080192566e-09,
            0.09353812038898468,
            3.725290298461914e-09
        ],
        "LPA": [
            -0.07184090465307236,
            0.0,
            3.725290298461914e-09
        ],
        "RPA": [
            0.06473993510007858,
            0.0,
            1.1175870895385742e-08
        ],
        "coil1": [
            -0.0508132129907608,
            0.07557127624750137,
            0.0576498806476593
        ],
        "coil2": [
            -0.07492995262145996,
            -0.022567396983504295,
            0.008019918575882912
        ],
        "coil3": [
            0.04504365846514702,
            0.07663137465715408,
            0.06449592113494873
        ],
        "coil4": [
            0.06824597716331482,
            -0.02740110456943512,
            0.009496580809354782
        ]
    },
    "AnatomicalLandmarkCoordinateSystem": "ElektaNeuromag",
    "AnatomicalLandmarkCoordinateUnits": "m"
}
