{
    "AnatomicalLandmarkCoordinates": {
        "LPA": [
            199.29261817439976,
            148.57572802342264,
            119.07504862909774
        ],
        "NAS": [
            124.10591847319677,
            134.7595046706841,
            215.83193530530428
        ],
        "RPA": [
            58.35354839136342,
            146.98937626426164,
            111.15200416252446
        ]
    }
}
