{
    "MEGCoordinateSystem": "ElektaNeuromag",
    "MEGCoordinateUnits": "m",
    "MEGCoordinateSystemDescription": "RAS orientation and the origin between the ears",
    "HeadCoilCoordinates": {
        "NAS": [
            -4.190951585769653e-09,
            0.09426143765449524,
            -7.450580596923828e-09
        ],
        "LPA": [
            -0.06804312765598297,
            2.9802322387695312e-08,
            -7.450580596923828e-09
        ],
        "RPA": [
            0.07063445448875427,
            0.0,
            -7.450580596923828e-09
        ],
        "coil1": [
            -0.04039274528622627,
            0.09615856409072876,
            0.06404291838407516
        ],
        "coil2": [
            -0.06900429725646973,
            -0.018636494874954224,
            0.006223449949175119
        ],
        "coil3": [
            0.05441844463348389,
            0.08536002039909363,
            0.057974923402071
        ],
        "coil4": [
            0.07277031987905502,
            -0.016488343477249146,
            0.01800903119146824
        ]
    },
    "HeadCoilCoordinateSystem": "ElektaNeuromag",
    "HeadCoilCoordinateUnits": "m",
    "AnatomicalLandmarkCoordinates": {
        "NAS": [
            -4.190951585769653e-09,
            0.09426143765449524,
            -7.450580596923828e-09
        ],
        "LPA": [
            -0.06804312765598297,
            2.9802322387695312e-08,
            -7.450580596923828e-09
        ],
        "RPA": [
            0.07063445448875427,
            0.0,
            -7.450580596923828e-09
        ],
        "coil1": [
            -0.04039274528622627,
            0.09615856409072876,
            0.06404291838407516
        ],
        "coil2": [
            -0.06900429725646973,
            -0.018636494874954224,
            0.006223449949175119
        ],
        "coil3": [
            0.05441844463348389,
            0.08536002039909363,
            0.057974923402071
        ],
        "coil4": [
            0.07277031987905502,
            -0.016488343477249146,
            0.01800903119146824
        ]
    },
    "AnatomicalLandmarkCoordinateSystem": "ElektaNeuromag",
    "AnatomicalLandmarkCoordinateUnits": "m"
}
