{
    "AnatomicalLandmarkCoordinates": {
        "LPA": [
            194.24866287557538,
            150.3062052781942,
            106.670024913379
        ],
        "NAS": [
            132.84478179975127,
            148.7367742384551,
            199.2368160423151
        ],
        "RPA": [
            58.20691320366436,
            151.9021274764826,
            111.70611467838518
        ]
    }
}
