{
    "AnatomicalLandmarkCoordinates": {
        "LPA": [
            195.23277061272728,
            135.42956502870905,
            108.92982739088325
        ],
        "NAS": [
            138.4519553861154,
            118.04382645674531,
            201.49641448204753
        ],
        "RPA": [
            68.11996230367731,
            143.4995987236788,
            117.88683273655244
        ]
    }
}
