{
    "AnatomicalLandmarkCoordinates": {
        "LPA": [
            193.19482814287875,
            146.6233134932778,
            114.37830230932963
        ],
        "NAS": [
            133.6916497576487,
            151.37981979059538,
            201.54299623140437
        ],
        "RPA": [
            67.59150057006181,
            158.6469154750893,
            119.0514185989972
        ]
    }
}
