{
    "AnatomicalLandmarkCoordinates": {
        "LPA": [
            196.2767835511103,
            137.8817853742081,
            102.906142440644
        ],
        "NAS": [
            134.21487527433501,
            126.30940408413994,
            196.85714702001792
        ],
        "RPA": [
            65.48620968410313,
            156.38813005460773,
            111.55725945330968
        ]
    }
}
