{
    "AnatomicalLandmarkCoordinates": {
        "LPA": [
            194.19164130236018,
            138.82479301463144,
            100.35201052313997
        ],
        "NAS": [
            128.08667197742645,
            134.07727871030548,
            200.44653163821766
        ],
        "RPA": [
            58.03431503782825,
            140.69718554988438,
            103.7713312120001
        ]
    }
}
