{
    "MEGCoordinateSystem": "ElektaNeuromag",
    "MEGCoordinateUnits": "m",
    "MEGCoordinateSystemDescription": "RAS orientation and the origin between the ears",
    "HeadCoilCoordinates": {
        "NAS": [
            0.0,
            0.09856772422790527,
            1.4901161193847656e-08
        ],
        "LPA": [
            -0.06852523982524872,
            -2.9802322387695312e-08,
            -7.450580596923828e-09
        ],
        "RPA": [
            0.06768783926963806,
            -2.9802322387695312e-08,
            -1.4901161193847656e-08
        ],
        "coil1": [
            -0.04953119531273842,
            0.08626267313957214,
            0.0530727356672287
        ],
        "coil2": [
            -0.07153316587209702,
            -0.020573019981384277,
            0.013089616782963276
        ],
        "coil3": [
            0.02537359483540058,
            0.1011175885796547,
            0.06914272159337997
        ],
        "coil4": [
            0.06824574619531631,
            -0.02738586999475956,
            0.00913123320788145
        ]
    },
    "HeadCoilCoordinateSystem": "ElektaNeuromag",
    "HeadCoilCoordinateUnits": "m",
    "AnatomicalLandmarkCoordinates": {
        "NAS": [
            0.0,
            0.09856772422790527,
            1.4901161193847656e-08
        ],
        "LPA": [
            -0.06852523982524872,
            -2.9802322387695312e-08,
            -7.450580596923828e-09
        ],
        "RPA": [
            0.06768783926963806,
            -2.9802322387695312e-08,
            -1.4901161193847656e-08
        ],
        "coil1": [
            -0.04953119531273842,
            0.08626267313957214,
            0.0530727356672287
        ],
        "coil2": [
            -0.07153316587209702,
            -0.020573019981384277,
            0.013089616782963276
        ],
        "coil3": [
            0.02537359483540058,
            0.1011175885796547,
            0.06914272159337997
        ],
        "coil4": [
            0.06824574619531631,
            -0.02738586999475956,
            0.00913123320788145
        ]
    },
    "AnatomicalLandmarkCoordinateSystem": "ElektaNeuromag",
    "AnatomicalLandmarkCoordinateUnits": "m"
}
