{
    "MEGCoordinateSystem": "ElektaNeuromag",
    "MEGCoordinateUnits": "m",
    "MEGCoordinateSystemDescription": "RAS orientation and the origin between the ears",
    "HeadCoilCoordinates": {
        "NAS": [
            -3.725290298461914e-09,
            0.08302421867847443,
            3.725290298461914e-09
        ],
        "LPA": [
            -0.06651963293552399,
            0.0,
            -3.725290298461914e-09
        ],
        "RPA": [
            0.059418097138404846,
            0.0,
            0.0
        ],
        "coil1": [
            -0.051047537475824356,
            0.07604119926691055,
            0.06590738892555237
        ],
        "coil2": [
            -0.07605600357055664,
            -0.024359852075576782,
            0.018111983314156532
        ],
        "coil3": [
            0.05867031216621399,
            0.06925105303525925,
            0.06479686498641968
        ],
        "coil4": [
            0.06445753574371338,
            -0.02334742806851864,
            0.016252459958195686
        ]
    },
    "HeadCoilCoordinateSystem": "ElektaNeuromag",
    "HeadCoilCoordinateUnits": "m",
    "AnatomicalLandmarkCoordinates": {
        "NAS": [
            -3.725290298461914e-09,
            0.08302421867847443,
            3.725290298461914e-09
        ],
        "LPA": [
            -0.06651963293552399,
            0.0,
            -3.725290298461914e-09
        ],
        "RPA": [
            0.059418097138404846,
            0.0,
            0.0
        ],
        "coil1": [
            -0.051047537475824356,
            0.07604119926691055,
            0.06590738892555237
        ],
        "coil2": [
            -0.07605600357055664,
            -0.024359852075576782,
            0.018111983314156532
        ],
        "coil3": [
            0.05867031216621399,
            0.06925105303525925,
            0.06479686498641968
        ],
        "coil4": [
            0.06445753574371338,
            -0.02334742806851864,
            0.016252459958195686
        ]
    },
    "AnatomicalLandmarkCoordinateSystem": "ElektaNeuromag",
    "AnatomicalLandmarkCoordinateUnits": "m"
}
