{
    "MEGCoordinateSystem": "ElektaNeuromag",
    "MEGCoordinateUnits": "m",
    "MEGCoordinateSystemDescription": "RAS orientation and the origin between the ears",
    "HeadCoilCoordinates": {
        "NAS": [
            -9.313225746154785e-10,
            0.0883977860212326,
            -9.313225746154785e-10
        ],
        "LPA": [
            -0.06621476262807846,
            -1.4901161193847656e-08,
            -1.862645149230957e-09
        ],
        "RPA": [
            0.06350313127040863,
            0.0,
            -1.862645149230957e-09
        ],
        "coil1": [
            0.06476303189992905,
            -0.029638787731528282,
            0.06756962090730667
        ],
        "coil2": [
            0.05796798691153526,
            0.05110393464565277,
            0.07776498049497604
        ],
        "coil3": [
            -0.05171076953411102,
            0.05217438563704491,
            0.08583644777536392
        ],
        "coil4": [
            -0.06626752763986588,
            -0.01968435011804104,
            0.07932084798812866
        ]
    },
    "HeadCoilCoordinateSystem": "ElektaNeuromag",
    "HeadCoilCoordinateUnits": "m",
    "AnatomicalLandmarkCoordinates": {
        "NAS": [
            -9.313225746154785e-10,
            0.0883977860212326,
            -9.313225746154785e-10
        ],
        "LPA": [
            -0.06621476262807846,
            -1.4901161193847656e-08,
            -1.862645149230957e-09
        ],
        "RPA": [
            0.06350313127040863,
            0.0,
            -1.862645149230957e-09
        ],
        "coil1": [
            0.06476303189992905,
            -0.029638787731528282,
            0.06756962090730667
        ],
        "coil2": [
            0.05796798691153526,
            0.05110393464565277,
            0.07776498049497604
        ],
        "coil3": [
            -0.05171076953411102,
            0.05217438563704491,
            0.08583644777536392
        ],
        "coil4": [
            -0.06626752763986588,
            -0.01968435011804104,
            0.07932084798812866
        ]
    },
    "AnatomicalLandmarkCoordinateSystem": "ElektaNeuromag",
    "AnatomicalLandmarkCoordinateUnits": "m"
}
