{
    "AnatomicalLandmarkCoordinates": {
        "LPA": [
            196.7398692354859,
            155.84040326550368,
            116.93890293582378
        ],
        "NAS": [
            125.34985046914129,
            151.1088147369986,
            209.1215868490807
        ],
        "RPA": [
            56.6984403622,
            157.98898686006345,
            114.32351111807833
        ]
    }
}
