{
    "AnatomicalLandmarkCoordinates": {
        "LPA": [
            187.89508765508475,
            151.53821309783365,
            86.67280629647138
        ],
        "NAS": [
            131.74729230519085,
            147.61705673907431,
            179.57737450337936
        ],
        "RPA": [
            62.45228436451722,
            153.7024242285455,
            94.97900589775224
        ]
    }
}
