{
    "AnatomicalLandmarkCoordinates": {
        "LPA": [
            198.7137850707901,
            171.16401219055052,
            101.8524365868717
        ],
        "NAS": [
            139.58191201992918,
            167.52218442928637,
            200.32685387761703
        ],
        "RPA": [
            65.97284430513086,
            180.3847915191521,
            113.24712482398047
        ]
    }
}
