{
    "AnatomicalLandmarkCoordinates": {
        "LPA": [
            188.4557081631992,
            159.5770128234538,
            104.9440224413427
        ],
        "NAS": [
            131.87029769594614,
            151.87808202768156,
            205.88931805590232
        ],
        "RPA": [
            59.29402707499952,
            156.8549043102467,
            112.60431635738306
        ]
    }
}
