{
    "MEGCoordinateSystem": "ElektaNeuromag",
    "MEGCoordinateUnits": "m",
    "MEGCoordinateSystemDescription": "RAS orientation and the origin between the ears",
    "HeadCoilCoordinates": {
        "NAS": [
            -1.862645149230957e-08,
            0.09149867296218872,
            0.0
        ],
        "LPA": [
            -0.0672265887260437,
            2.9802322387695312e-08,
            1.862645149230957e-09
        ],
        "RPA": [
            0.06846856325864792,
            -1.4901161193847656e-08,
            0.0
        ],
        "coil1": [
            -0.03396381810307503,
            0.09108778834342957,
            0.0559537298977375
        ],
        "coil2": [
            -0.06601303070783615,
            -0.02355615794658661,
            0.002309418050572276
        ],
        "coil3": [
            0.02325224131345749,
            0.09335857629776001,
            0.05880824849009514
        ],
        "coil4": [
            0.06826860457658768,
            -0.02511391043663025,
            0.006482620257884264
        ]
    },
    "HeadCoilCoordinateSystem": "ElektaNeuromag",
    "HeadCoilCoordinateUnits": "m",
    "AnatomicalLandmarkCoordinates": {
        "NAS": [
            -1.862645149230957e-08,
            0.09149867296218872,
            0.0
        ],
        "LPA": [
            -0.0672265887260437,
            2.9802322387695312e-08,
            1.862645149230957e-09
        ],
        "RPA": [
            0.06846856325864792,
            -1.4901161193847656e-08,
            0.0
        ],
        "coil1": [
            -0.03396381810307503,
            0.09108778834342957,
            0.0559537298977375
        ],
        "coil2": [
            -0.06601303070783615,
            -0.02355615794658661,
            0.002309418050572276
        ],
        "coil3": [
            0.02325224131345749,
            0.09335857629776001,
            0.05880824849009514
        ],
        "coil4": [
            0.06826860457658768,
            -0.02511391043663025,
            0.006482620257884264
        ]
    },
    "AnatomicalLandmarkCoordinateSystem": "ElektaNeuromag",
    "AnatomicalLandmarkCoordinateUnits": "m"
}
