{
    "AnatomicalLandmarkCoordinates": {
        "LPA": [
            188.06111518593852,
            144.09556193254969,
            120.74052879855479
        ],
        "NAS": [
            122.3031719412823,
            164.65658359838056,
            200.29769891911064
        ],
        "RPA": [
            69.15274917049685,
            149.9129499419705,
            113.95811948251239
        ]
    }
}
