{
    "AnatomicalLandmarkCoordinates": {
        "LPA": [
            197.05013456762163,
            134.90712421533715,
            122.41616733751542
        ],
        "NAS": [
            122.49422944516063,
            134.31354689246584,
            214.7995474856802
        ],
        "RPA": [
            60.338157882541324,
            142.81501042378434,
            112.71530046559445
        ]
    }
}
