{
    "MEGCoordinateSystem": "ElektaNeuromag",
    "MEGCoordinateUnits": "m",
    "MEGCoordinateSystemDescription": "RAS orientation and the origin between the ears",
    "HeadCoilCoordinates": {
        "NAS": [
            4.6566128730773926e-09,
            0.09342408180236816,
            3.725290298461914e-09
        ],
        "LPA": [
            -0.06692527234554291,
            0.0,
            0.0
        ],
        "RPA": [
            0.0666225329041481,
            0.0,
            0.0
        ],
        "coil1": [
            -0.06695661693811417,
            -0.028540343046188354,
            -0.0011901073157787323
        ],
        "coil2": [
            -0.03224663808941841,
            0.09348294138908386,
            0.06704053282737732
        ],
        "coil3": [
            0.04004939645528793,
            0.08677602559328079,
            0.06842497736215591
        ],
        "coil4": [
            0.06391164660453796,
            -0.029438326135277748,
            -0.004231974482536316
        ]
    },
    "HeadCoilCoordinateSystem": "ElektaNeuromag",
    "HeadCoilCoordinateUnits": "m",
    "AnatomicalLandmarkCoordinates": {
        "NAS": [
            4.6566128730773926e-09,
            0.09342408180236816,
            3.725290298461914e-09
        ],
        "LPA": [
            -0.06692527234554291,
            0.0,
            0.0
        ],
        "RPA": [
            0.0666225329041481,
            0.0,
            0.0
        ],
        "coil1": [
            -0.06695661693811417,
            -0.028540343046188354,
            -0.0011901073157787323
        ],
        "coil2": [
            -0.03224663808941841,
            0.09348294138908386,
            0.06704053282737732
        ],
        "coil3": [
            0.04004939645528793,
            0.08677602559328079,
            0.06842497736215591
        ],
        "coil4": [
            0.06391164660453796,
            -0.029438326135277748,
            -0.004231974482536316
        ]
    },
    "AnatomicalLandmarkCoordinateSystem": "ElektaNeuromag",
    "AnatomicalLandmarkCoordinateUnits": "m"
}
