{
    "MEGCoordinateSystem": "ElektaNeuromag",
    "MEGCoordinateUnits": "m",
    "MEGCoordinateSystemDescription": "RAS orientation and the origin between the ears",
    "HeadCoilCoordinates": {
        "NAS": [
            0.0,
            0.08419179916381836,
            -7.450580596923828e-09
        ],
        "LPA": [
            -0.05920520797371864,
            -2.9802322387695312e-08,
            0.0
        ],
        "RPA": [
            0.056584544479846954,
            -2.9802322387695312e-08,
            0.0
        ],
        "coil1": [
            -0.030060676857829094,
            0.08933556824922562,
            0.05691984295845032
        ],
        "coil2": [
            -0.06540678441524506,
            -0.013805518858134747,
            0.01892632246017456
        ],
        "coil3": [
            0.04692067578434944,
            0.07548817247152328,
            0.048598986119031906
        ],
        "coil4": [
            0.061893194913864136,
            -0.017190566286444664,
            0.010280619375407696
        ]
    },
    "HeadCoilCoordinateSystem": "ElektaNeuromag",
    "HeadCoilCoordinateUnits": "m",
    "AnatomicalLandmarkCoordinates": {
        "NAS": [
            0.0,
            0.08419179916381836,
            -7.450580596923828e-09
        ],
        "LPA": [
            -0.05920520797371864,
            -2.9802322387695312e-08,
            0.0
        ],
        "RPA": [
            0.056584544479846954,
            -2.9802322387695312e-08,
            0.0
        ],
        "coil1": [
            -0.030060676857829094,
            0.08933556824922562,
            0.05691984295845032
        ],
        "coil2": [
            -0.06540678441524506,
            -0.013805518858134747,
            0.01892632246017456
        ],
        "coil3": [
            0.04692067578434944,
            0.07548817247152328,
            0.048598986119031906
        ],
        "coil4": [
            0.061893194913864136,
            -0.017190566286444664,
            0.010280619375407696
        ]
    },
    "AnatomicalLandmarkCoordinateSystem": "ElektaNeuromag",
    "AnatomicalLandmarkCoordinateUnits": "m"
}
