{
    "MEGCoordinateSystem": "ElektaNeuromag",
    "MEGCoordinateUnits": "m",
    "MEGCoordinateSystemDescription": "RAS orientation and the origin between the ears",
    "HeadCoilCoordinates": {
        "NAS": [
            1.30385160446167e-08,
            0.09713369607925415,
            -3.725290298461914e-09
        ],
        "LPA": [
            -0.0657418966293335,
            0.0,
            -9.313225746154785e-09
        ],
        "RPA": [
            0.06518584489822388,
            2.9802322387695312e-08,
            -9.313225746154785e-09
        ],
        "coil1": [
            -0.0351669043302536,
            0.0975966826081276,
            0.059421490877866745
        ],
        "coil2": [
            -0.0684385746717453,
            -0.01685197651386261,
            0.002352244919165969
        ],
        "coil3": [
            0.039909739047288895,
            0.09934741258621216,
            0.05213136970996857
        ],
        "coil4": [
            0.06804699450731277,
            -0.014329005964100361,
            0.01009143516421318
        ]
    },
    "HeadCoilCoordinateSystem": "ElektaNeuromag",
    "HeadCoilCoordinateUnits": "m",
    "AnatomicalLandmarkCoordinates": {
        "NAS": [
            1.30385160446167e-08,
            0.09713369607925415,
            -3.725290298461914e-09
        ],
        "LPA": [
            -0.0657418966293335,
            0.0,
            -9.313225746154785e-09
        ],
        "RPA": [
            0.06518584489822388,
            2.9802322387695312e-08,
            -9.313225746154785e-09
        ],
        "coil1": [
            -0.0351669043302536,
            0.0975966826081276,
            0.059421490877866745
        ],
        "coil2": [
            -0.0684385746717453,
            -0.01685197651386261,
            0.002352244919165969
        ],
        "coil3": [
            0.039909739047288895,
            0.09934741258621216,
            0.05213136970996857
        ],
        "coil4": [
            0.06804699450731277,
            -0.014329005964100361,
            0.01009143516421318
        ]
    },
    "AnatomicalLandmarkCoordinateSystem": "ElektaNeuromag",
    "AnatomicalLandmarkCoordinateUnits": "m"
}
