{
    "AnatomicalLandmarkCoordinates": {
        "LPA": [
            185.48492978779592,
            142.9250282779431,
            107.95025522621243
        ],
        "NAS": [
            130.3342900941568,
            154.0544379357264,
            193.271860201473
        ],
        "RPA": [
            71.98285358432213,
            149.27887716937556,
            108.74525054446642
        ]
    }
}
