{
    "MEGCoordinateSystem": "ElektaNeuromag",
    "MEGCoordinateUnits": "m",
    "MEGCoordinateSystemDescription": "RAS orientation and the origin between the ears",
    "HeadCoilCoordinates": {
        "NAS": [
            9.313225746154785e-09,
            0.09445354342460632,
            7.450580596923828e-09
        ],
        "LPA": [
            -0.06662148982286453,
            -1.4901161193847656e-08,
            7.450580596923828e-09
        ],
        "RPA": [
            0.06519634276628494,
            0.0,
            0.0
        ],
        "coil1": [
            0.06378074735403061,
            0.05167694389820099,
            0.07499504089355469
        ],
        "coil2": [
            0.06345964223146439,
            -0.040460005402565,
            0.0675511360168457
        ],
        "coil3": [
            -0.060852084308862686,
            0.051952581852674484,
            0.07853883504867554
        ],
        "coil4": [
            -0.0695924311876297,
            -0.033830467611551285,
            0.06840620934963226
        ]
    },
    "HeadCoilCoordinateSystem": "ElektaNeuromag",
    "HeadCoilCoordinateUnits": "m",
    "AnatomicalLandmarkCoordinates": {
        "NAS": [
            9.313225746154785e-09,
            0.09445354342460632,
            7.450580596923828e-09
        ],
        "LPA": [
            -0.06662148982286453,
            -1.4901161193847656e-08,
            7.450580596923828e-09
        ],
        "RPA": [
            0.06519634276628494,
            0.0,
            0.0
        ],
        "coil1": [
            0.06378074735403061,
            0.05167694389820099,
            0.07499504089355469
        ],
        "coil2": [
            0.06345964223146439,
            -0.040460005402565,
            0.0675511360168457
        ],
        "coil3": [
            -0.060852084308862686,
            0.051952581852674484,
            0.07853883504867554
        ],
        "coil4": [
            -0.0695924311876297,
            -0.033830467611551285,
            0.06840620934963226
        ]
    },
    "AnatomicalLandmarkCoordinateSystem": "ElektaNeuromag",
    "AnatomicalLandmarkCoordinateUnits": "m"
}
