{
    "MEGCoordinateSystem": "ElektaNeuromag",
    "MEGCoordinateUnits": "m",
    "MEGCoordinateSystemDescription": "RAS orientation and the origin between the ears",
    "HeadCoilCoordinates": {
        "NAS": [
            6.984919309616089e-10,
            0.09745797514915466,
            7.450580596923828e-09
        ],
        "LPA": [
            -0.06616009026765823,
            -2.9802322387695312e-08,
            7.450580596923828e-09
        ],
        "RPA": [
            0.06436531990766525,
            -2.9802322387695312e-08,
            7.450580596923828e-09
        ],
        "coil1": [
            -0.04902331903576851,
            0.08317065238952637,
            0.059010013937950134
        ],
        "coil2": [
            -0.06844902038574219,
            -0.022618910297751427,
            0.00978467520326376
        ],
        "coil3": [
            0.04592641815543175,
            0.08788803219795227,
            0.06079291179776192
        ],
        "coil4": [
            0.06492862850427628,
            -0.02250240184366703,
            0.007210832554847002
        ]
    },
    "HeadCoilCoordinateSystem": "ElektaNeuromag",
    "HeadCoilCoordinateUnits": "m",
    "AnatomicalLandmarkCoordinates": {
        "NAS": [
            6.984919309616089e-10,
            0.09745797514915466,
            7.450580596923828e-09
        ],
        "LPA": [
            -0.06616009026765823,
            -2.9802322387695312e-08,
            7.450580596923828e-09
        ],
        "RPA": [
            0.06436531990766525,
            -2.9802322387695312e-08,
            7.450580596923828e-09
        ],
        "coil1": [
            -0.04902331903576851,
            0.08317065238952637,
            0.059010013937950134
        ],
        "coil2": [
            -0.06844902038574219,
            -0.022618910297751427,
            0.00978467520326376
        ],
        "coil3": [
            0.04592641815543175,
            0.08788803219795227,
            0.06079291179776192
        ],
        "coil4": [
            0.06492862850427628,
            -0.02250240184366703,
            0.007210832554847002
        ]
    },
    "AnatomicalLandmarkCoordinateSystem": "ElektaNeuromag",
    "AnatomicalLandmarkCoordinateUnits": "m"
}
