{
    "MEGCoordinateSystem": "ElektaNeuromag",
    "MEGCoordinateUnits": "m",
    "MEGCoordinateSystemDescription": "RAS orientation and the origin between the ears",
    "HeadCoilCoordinates": {
        "NAS": [
            0.0,
            0.09151080250740051,
            3.725290298461914e-09
        ],
        "LPA": [
            -0.06758058071136475,
            -1.4901161193847656e-08,
            1.862645149230957e-09
        ],
        "RPA": [
            0.06499100476503372,
            0.0,
            3.725290298461914e-09
        ],
        "coil1": [
            -0.03852194920182228,
            0.09238799661397934,
            0.06114795804023743
        ],
        "coil2": [
            -0.06737343221902847,
            -0.025006994605064392,
            0.00846798811107874
        ],
        "coil3": [
            0.05401535704731941,
            0.07768160849809647,
            0.06467881053686142
        ],
        "coil4": [
            0.0662214383482933,
            -0.023914912715554237,
            0.008706468157470226
        ]
    },
    "HeadCoilCoordinateSystem": "ElektaNeuromag",
    "HeadCoilCoordinateUnits": "m",
    "AnatomicalLandmarkCoordinates": {
        "NAS": [
            0.0,
            0.09151080250740051,
            3.725290298461914e-09
        ],
        "LPA": [
            -0.06758058071136475,
            -1.4901161193847656e-08,
            1.862645149230957e-09
        ],
        "RPA": [
            0.06499100476503372,
            0.0,
            3.725290298461914e-09
        ],
        "coil1": [
            -0.03852194920182228,
            0.09238799661397934,
            0.06114795804023743
        ],
        "coil2": [
            -0.06737343221902847,
            -0.025006994605064392,
            0.00846798811107874
        ],
        "coil3": [
            0.05401535704731941,
            0.07768160849809647,
            0.06467881053686142
        ],
        "coil4": [
            0.0662214383482933,
            -0.023914912715554237,
            0.008706468157470226
        ]
    },
    "AnatomicalLandmarkCoordinateSystem": "ElektaNeuromag",
    "AnatomicalLandmarkCoordinateUnits": "m"
}
