{
    "AnatomicalLandmarkCoordinates": {
        "LPA": [
            193.28173593798732,
            155.98078882397266,
            118.29246512628104
        ],
        "NAS": [
            137.86028401252284,
            136.8511358229665,
            210.25593621065988
        ],
        "RPA": [
            65.52917990297914,
            159.51066443774198,
            123.00224239372989
        ]
    }
}
