{
    "AnatomicalLandmarkCoordinates": {
        "LPA": [
            191.976504946507,
            159.62647069125114,
            120.5121962061799
        ],
        "NAS": [
            124.35360094028914,
            171.41943010654734,
            214.73345958089692
        ],
        "RPA": [
            57.422134557821906,
            160.1110101475278,
            119.55098192936521
        ]
    }
}
