{
    "AnatomicalLandmarkCoordinates": {
        "LPA": [
            183.16390011005487,
            148.07508989671578,
            93.60115937818304
        ],
        "NAS": [
            135.45106969931243,
            135.2044806318063,
            190.47316995181748
        ],
        "RPA": [
            61.236560345137065,
            142.4148203191196,
            109.21848998342082
        ]
    }
}
