{
    "MEGCoordinateSystem": "ElektaNeuromag",
    "MEGCoordinateUnits": "m",
    "MEGCoordinateSystemDescription": "RAS orientation and the origin between the ears",
    "HeadCoilCoordinates": {
        "NAS": [
            -1.0710209608078003e-08,
            0.09596371650695801,
            -1.862645149230957e-09
        ],
        "LPA": [
            -0.06529996544122696,
            0.0,
            -9.313225746154785e-10
        ],
        "RPA": [
            0.06144808232784271,
            0.0,
            2.7939677238464355e-09
        ],
        "coil1": [
            -0.04240049049258232,
            0.07790804654359818,
            0.06455018371343613
        ],
        "coil2": [
            -0.0689568743109703,
            -0.02039625681936741,
            0.00390784302726388
        ],
        "coil3": [
            0.04307703301310539,
            0.07310809940099716,
            0.06642365455627441
        ],
        "coil4": [
            0.06565412878990173,
            -0.018815919756889343,
            0.01226651668548584
        ]
    },
    "HeadCoilCoordinateSystem": "ElektaNeuromag",
    "HeadCoilCoordinateUnits": "m",
    "AnatomicalLandmarkCoordinates": {
        "NAS": [
            -1.0710209608078003e-08,
            0.09596371650695801,
            -1.862645149230957e-09
        ],
        "LPA": [
            -0.06529996544122696,
            0.0,
            -9.313225746154785e-10
        ],
        "RPA": [
            0.06144808232784271,
            0.0,
            2.7939677238464355e-09
        ],
        "coil1": [
            -0.04240049049258232,
            0.07790804654359818,
            0.06455018371343613
        ],
        "coil2": [
            -0.0689568743109703,
            -0.02039625681936741,
            0.00390784302726388
        ],
        "coil3": [
            0.04307703301310539,
            0.07310809940099716,
            0.06642365455627441
        ],
        "coil4": [
            0.06565412878990173,
            -0.018815919756889343,
            0.01226651668548584
        ]
    },
    "AnatomicalLandmarkCoordinateSystem": "ElektaNeuromag",
    "AnatomicalLandmarkCoordinateUnits": "m"
}
