{
    "MEGCoordinateSystem": "ElektaNeuromag",
    "MEGCoordinateUnits": "m",
    "MEGCoordinateSystemDescription": "RAS orientation and the origin between the ears",
    "HeadCoilCoordinates": {
        "NAS": [
            1.1175870895385742e-08,
            0.09605878591537476,
            -7.450580596923828e-09
        ],
        "LPA": [
            -0.06550303101539612,
            -2.9802322387695312e-08,
            0.0
        ],
        "RPA": [
            0.06479133665561676,
            0.0,
            0.0
        ],
        "coil1": [
            -0.04964947700500488,
            0.07963942736387253,
            0.06519244611263275
        ],
        "coil2": [
            -0.06830686330795288,
            -0.01970035769045353,
            0.008032162673771381
        ],
        "coil3": [
            0.041127752512693405,
            0.08857706934213638,
            0.0679183229804039
        ],
        "coil4": [
            0.06538385152816772,
            -0.020226866006851196,
            0.0036387844011187553
        ]
    },
    "HeadCoilCoordinateSystem": "ElektaNeuromag",
    "HeadCoilCoordinateUnits": "m",
    "AnatomicalLandmarkCoordinates": {
        "NAS": [
            1.1175870895385742e-08,
            0.09605878591537476,
            -7.450580596923828e-09
        ],
        "LPA": [
            -0.06550303101539612,
            -2.9802322387695312e-08,
            0.0
        ],
        "RPA": [
            0.06479133665561676,
            0.0,
            0.0
        ],
        "coil1": [
            -0.04964947700500488,
            0.07963942736387253,
            0.06519244611263275
        ],
        "coil2": [
            -0.06830686330795288,
            -0.01970035769045353,
            0.008032162673771381
        ],
        "coil3": [
            0.041127752512693405,
            0.08857706934213638,
            0.0679183229804039
        ],
        "coil4": [
            0.06538385152816772,
            -0.020226866006851196,
            0.0036387844011187553
        ]
    },
    "AnatomicalLandmarkCoordinateSystem": "ElektaNeuromag",
    "AnatomicalLandmarkCoordinateUnits": "m"
}
