{
    "MEGCoordinateSystem": "ElektaNeuromag",
    "MEGCoordinateUnits": "m",
    "MEGCoordinateSystemDescription": "RAS orientation and the origin between the ears",
    "HeadCoilCoordinates": {
        "NAS": [
            -2.7939677238464355e-09,
            0.0976223349571228,
            0.0
        ],
        "LPA": [
            -0.06828249990940094,
            0.0,
            0.0
        ],
        "RPA": [
            0.0709521695971489,
            -1.4901161193847656e-08,
            -1.862645149230957e-09
        ],
        "coil1": [
            -0.05298192426562309,
            0.0881357192993164,
            0.048535555601119995
        ],
        "coil2": [
            -0.07049752026796341,
            -0.02689392864704132,
            0.004713047761470079
        ],
        "coil3": [
            0.051953643560409546,
            0.08705142140388489,
            0.04582477733492851
        ],
        "coil4": [
            0.07393429428339005,
            -0.01824767328798771,
            0.019785961136221886
        ]
    },
    "HeadCoilCoordinateSystem": "ElektaNeuromag",
    "HeadCoilCoordinateUnits": "m",
    "AnatomicalLandmarkCoordinates": {
        "NAS": [
            -2.7939677238464355e-09,
            0.0976223349571228,
            0.0
        ],
        "LPA": [
            -0.06828249990940094,
            0.0,
            0.0
        ],
        "RPA": [
            0.0709521695971489,
            -1.4901161193847656e-08,
            -1.862645149230957e-09
        ],
        "coil1": [
            -0.05298192426562309,
            0.0881357192993164,
            0.048535555601119995
        ],
        "coil2": [
            -0.07049752026796341,
            -0.02689392864704132,
            0.004713047761470079
        ],
        "coil3": [
            0.051953643560409546,
            0.08705142140388489,
            0.04582477733492851
        ],
        "coil4": [
            0.07393429428339005,
            -0.01824767328798771,
            0.019785961136221886
        ]
    },
    "AnatomicalLandmarkCoordinateSystem": "ElektaNeuromag",
    "AnatomicalLandmarkCoordinateUnits": "m"
}
