{
    "AnatomicalLandmarkCoordinates": {
        "LPA": [
            183.25288586226569,
            160.76501509482785,
            110.30613601717366
        ],
        "NAS": [
            131.9875004488855,
            150.35822437952208,
            206.56908352665874
        ],
        "RPA": [
            59.733666554889496,
            155.66324116882163,
            126.16492897928796
        ]
    }
}
