{
    "MEGCoordinateSystem": "ElektaNeuromag",
    "MEGCoordinateUnits": "m",
    "MEGCoordinateSystemDescription": "RAS orientation and the origin between the ears",
    "HeadCoilCoordinates": {
        "NAS": [
            -7.450580596923828e-09,
            0.09636613726615906,
            -6.984919309616089e-10
        ],
        "LPA": [
            -0.06412333250045776,
            2.9802322387695312e-08,
            0.0
        ],
        "RPA": [
            0.06820918619632721,
            1.4901161193847656e-08,
            -9.313225746154785e-10
        ],
        "coil1": [
            -0.035752736032009125,
            0.09742001444101334,
            0.06478341668844223
        ],
        "coil2": [
            -0.07019226253032684,
            -0.01513180136680603,
            0.015289670787751675
        ],
        "coil3": [
            0.04659593477845192,
            0.09006377309560776,
            0.06263605505228043
        ],
        "coil4": [
            0.07667552679777145,
            -0.010855232365429401,
            0.019012797623872757
        ]
    },
    "HeadCoilCoordinateSystem": "ElektaNeuromag",
    "HeadCoilCoordinateUnits": "m",
    "AnatomicalLandmarkCoordinates": {
        "NAS": [
            -7.450580596923828e-09,
            0.09636613726615906,
            -6.984919309616089e-10
        ],
        "LPA": [
            -0.06412333250045776,
            2.9802322387695312e-08,
            0.0
        ],
        "RPA": [
            0.06820918619632721,
            1.4901161193847656e-08,
            -9.313225746154785e-10
        ],
        "coil1": [
            -0.035752736032009125,
            0.09742001444101334,
            0.06478341668844223
        ],
        "coil2": [
            -0.07019226253032684,
            -0.01513180136680603,
            0.015289670787751675
        ],
        "coil3": [
            0.04659593477845192,
            0.09006377309560776,
            0.06263605505228043
        ],
        "coil4": [
            0.07667552679777145,
            -0.010855232365429401,
            0.019012797623872757
        ]
    },
    "AnatomicalLandmarkCoordinateSystem": "ElektaNeuromag",
    "AnatomicalLandmarkCoordinateUnits": "m"
}
