{
    "AnatomicalLandmarkCoordinates": {
        "LPA": [
            191.07779593693604,
            151.33343593422788,
            112.33383696067528
        ],
        "NAS": [
            128.5837537779307,
            170.27304567509202,
            196.05748889143922
        ],
        "RPA": [
            71.44495430232695,
            161.60121678074785,
            109.0935169608866
        ]
    }
}
