{
    "MEGCoordinateSystem": "ElektaNeuromag",
    "MEGCoordinateUnits": "m",
    "MEGCoordinateSystemDescription": "RAS orientation and the origin between the ears",
    "HeadCoilCoordinates": {
        "NAS": [
            7.450580596923828e-09,
            0.09391164779663086,
            -9.313225746154785e-09
        ],
        "LPA": [
            -0.07131048291921616,
            0.0,
            -1.30385160446167e-08
        ],
        "RPA": [
            0.0706276148557663,
            2.9802322387695312e-08,
            -1.30385160446167e-08
        ],
        "coil1": [
            -0.031932249665260315,
            0.08992817252874374,
            0.057043228298425674
        ],
        "coil2": [
            -0.07397611439228058,
            -0.015253747813403606,
            0.013134744018316269
        ],
        "coil3": [
            0.04179869964718819,
            0.08208685368299484,
            0.05304276570677757
        ],
        "coil4": [
            0.07175034284591675,
            -0.018219193443655968,
            0.014546044170856476
        ]
    },
    "HeadCoilCoordinateSystem": "ElektaNeuromag",
    "HeadCoilCoordinateUnits": "m",
    "AnatomicalLandmarkCoordinates": {
        "NAS": [
            7.450580596923828e-09,
            0.09391164779663086,
            -9.313225746154785e-09
        ],
        "LPA": [
            -0.07131048291921616,
            0.0,
            -1.30385160446167e-08
        ],
        "RPA": [
            0.0706276148557663,
            2.9802322387695312e-08,
            -1.30385160446167e-08
        ],
        "coil1": [
            -0.031932249665260315,
            0.08992817252874374,
            0.057043228298425674
        ],
        "coil2": [
            -0.07397611439228058,
            -0.015253747813403606,
            0.013134744018316269
        ],
        "coil3": [
            0.04179869964718819,
            0.08208685368299484,
            0.05304276570677757
        ],
        "coil4": [
            0.07175034284591675,
            -0.018219193443655968,
            0.014546044170856476
        ]
    },
    "AnatomicalLandmarkCoordinateSystem": "ElektaNeuromag",
    "AnatomicalLandmarkCoordinateUnits": "m"
}
