{
    "AnatomicalLandmarkCoordinates": {
        "LPA": [
            201.26043950355069,
            168.6449231003427,
            126.28426382740936
        ],
        "NAS": [
            134.11403345264776,
            160.0154546342376,
            218.26163049810836
        ],
        "RPA": [
            66.02836810653561,
            182.98611260725284,
            129.65210981693858
        ]
    }
}
