{
    "AnatomicalLandmarkCoordinates": {
        "LPA": [
            193.1935707486037,
            145.51160642987875,
            110.58436975538919
        ],
        "NAS": [
            134.56165575804727,
            154.9627731335664,
            206.65302346683316
        ],
        "RPA": [
            61.31864183073792,
            151.9717543663512,
            120.68195190214976
        ]
    }
}
