{
    "MEGCoordinateSystem": "ElektaNeuromag",
    "MEGCoordinateUnits": "m",
    "MEGCoordinateSystemDescription": "RAS orientation and the origin between the ears",
    "HeadCoilCoordinates": {
        "NAS": [
            -2.7939677238464355e-09,
            0.08783358335494995,
            0.0
        ],
        "LPA": [
            -0.06115240231156349,
            -2.9802322387695312e-08,
            0.0
        ],
        "RPA": [
            0.062413040548563004,
            0.0,
            7.450580596923828e-09
        ],
        "coil1": [
            -0.048060644418001175,
            0.08453498035669327,
            0.06039375066757202
        ],
        "coil2": [
            -0.06859228760004044,
            -0.012246549129486084,
            0.012615121901035309
        ],
        "coil3": [
            0.03650838881731033,
            0.0870397761464119,
            0.07119935005903244
        ],
        "coil4": [
            0.06669966131448746,
            -0.019978702068328857,
            0.012468673288822174
        ]
    },
    "HeadCoilCoordinateSystem": "ElektaNeuromag",
    "HeadCoilCoordinateUnits": "m",
    "AnatomicalLandmarkCoordinates": {
        "NAS": [
            -2.7939677238464355e-09,
            0.08783358335494995,
            0.0
        ],
        "LPA": [
            -0.06115240231156349,
            -2.9802322387695312e-08,
            0.0
        ],
        "RPA": [
            0.062413040548563004,
            0.0,
            7.450580596923828e-09
        ],
        "coil1": [
            -0.048060644418001175,
            0.08453498035669327,
            0.06039375066757202
        ],
        "coil2": [
            -0.06859228760004044,
            -0.012246549129486084,
            0.012615121901035309
        ],
        "coil3": [
            0.03650838881731033,
            0.0870397761464119,
            0.07119935005903244
        ],
        "coil4": [
            0.06669966131448746,
            -0.019978702068328857,
            0.012468673288822174
        ]
    },
    "AnatomicalLandmarkCoordinateSystem": "ElektaNeuromag",
    "AnatomicalLandmarkCoordinateUnits": "m"
}
