{
    "MEGCoordinateSystem": "ElektaNeuromag",
    "MEGCoordinateUnits": "m",
    "MEGCoordinateSystemDescription": "RAS orientation and the origin between the ears",
    "HeadCoilCoordinates": {
        "NAS": [
            0.0,
            0.09445154666900635,
            2.7939677238464355e-09
        ],
        "LPA": [
            -0.06438194215297699,
            -2.9802322387695312e-08,
            1.3969838619232178e-09
        ],
        "RPA": [
            0.06849072873592377,
            -2.9802322387695312e-08,
            2.3283064365386963e-09
        ],
        "coil1": [
            -0.03691352531313896,
            0.09694870561361313,
            0.05308016762137413
        ],
        "coil2": [
            -0.06597759574651718,
            -0.018406858667731285,
            0.012189566157758236
        ],
        "coil3": [
            0.046540360897779465,
            0.09042557328939438,
            0.04428565129637718
        ],
        "coil4": [
            0.0695108100771904,
            -0.025615176185965538,
            0.008940571919083595
        ]
    },
    "HeadCoilCoordinateSystem": "ElektaNeuromag",
    "HeadCoilCoordinateUnits": "m",
    "AnatomicalLandmarkCoordinates": {
        "NAS": [
            0.0,
            0.09445154666900635,
            2.7939677238464355e-09
        ],
        "LPA": [
            -0.06438194215297699,
            -2.9802322387695312e-08,
            1.3969838619232178e-09
        ],
        "RPA": [
            0.06849072873592377,
            -2.9802322387695312e-08,
            2.3283064365386963e-09
        ],
        "coil1": [
            -0.03691352531313896,
            0.09694870561361313,
            0.05308016762137413
        ],
        "coil2": [
            -0.06597759574651718,
            -0.018406858667731285,
            0.012189566157758236
        ],
        "coil3": [
            0.046540360897779465,
            0.09042557328939438,
            0.04428565129637718
        ],
        "coil4": [
            0.0695108100771904,
            -0.025615176185965538,
            0.008940571919083595
        ]
    },
    "AnatomicalLandmarkCoordinateSystem": "ElektaNeuromag",
    "AnatomicalLandmarkCoordinateUnits": "m"
}
