{
    "AnatomicalLandmarkCoordinates": {
        "LPA": [
            186.97517626551888,
            147.2916533697796,
            87.94819854336714
        ],
        "NAS": [
            141.5593694842476,
            155.31568958249227,
            188.967210773084
        ],
        "RPA": [
            61.13263633956847,
            151.72205115282742,
            112.09599122346197
        ]
    }
}
