{
    "MEGCoordinateSystem": "ElektaNeuromag",
    "MEGCoordinateUnits": "m",
    "MEGCoordinateSystemDescription": "RAS orientation and the origin between the ears",
    "HeadCoilCoordinates": {
        "NAS": [
            -6.6356733441352844e-09,
            0.0925898551940918,
            -9.313225746154785e-10
        ],
        "LPA": [
            -0.06416285783052444,
            0.0,
            0.0
        ],
        "RPA": [
            0.06376118212938309,
            -1.4901161193847656e-08,
            0.0
        ],
        "coil1": [
            -0.04933476075530052,
            0.07476405054330826,
            0.06608642637729645
        ],
        "coil2": [
            -0.06676793843507767,
            -0.017312059178948402,
            0.014212563633918762
        ],
        "coil3": [
            0.04504571482539177,
            0.07903995364904404,
            0.07052230834960938
        ],
        "coil4": [
            0.06758762151002884,
            -0.01606939733028412,
            0.0179690383374691
        ]
    },
    "HeadCoilCoordinateSystem": "ElektaNeuromag",
    "HeadCoilCoordinateUnits": "m",
    "AnatomicalLandmarkCoordinates": {
        "NAS": [
            -6.6356733441352844e-09,
            0.0925898551940918,
            -9.313225746154785e-10
        ],
        "LPA": [
            -0.06416285783052444,
            0.0,
            0.0
        ],
        "RPA": [
            0.06376118212938309,
            -1.4901161193847656e-08,
            0.0
        ],
        "coil1": [
            -0.04933476075530052,
            0.07476405054330826,
            0.06608642637729645
        ],
        "coil2": [
            -0.06676793843507767,
            -0.017312059178948402,
            0.014212563633918762
        ],
        "coil3": [
            0.04504571482539177,
            0.07903995364904404,
            0.07052230834960938
        ],
        "coil4": [
            0.06758762151002884,
            -0.01606939733028412,
            0.0179690383374691
        ]
    },
    "AnatomicalLandmarkCoordinateSystem": "ElektaNeuromag",
    "AnatomicalLandmarkCoordinateUnits": "m"
}
