{
    "AnatomicalLandmarkCoordinates": {
        "LPA": [
            195.22758291921107,
            149.9610224768917,
            99.37254493481801
        ],
        "NAS": [
            130.87001443382985,
            146.78354312797214,
            194.9992378373778
        ],
        "RPA": [
            60.59126609717049,
            159.28923543339164,
            103.73506143962577
        ]
    }
}
