{
    "MEGCoordinateSystem": "ElektaNeuromag",
    "MEGCoordinateUnits": "m",
    "MEGCoordinateSystemDescription": "RAS orientation and the origin between the ears",
    "HeadCoilCoordinates": {
        "NAS": [
            0.0,
            0.08648090064525604,
            -3.725290298461914e-09
        ],
        "LPA": [
            -0.061602890491485596,
            0.0,
            0.0
        ],
        "RPA": [
            0.05851350352168083,
            0.0,
            0.0
        ],
        "coil1": [
            0.05970962718129158,
            -0.024668240919709206,
            -0.0009747713338583708
        ],
        "coil2": [
            0.03595908358693123,
            0.08412337303161621,
            0.05485396087169647
        ],
        "coil3": [
            -0.03628392145037651,
            0.08091720938682556,
            0.058533743023872375
        ],
        "coil4": [
            -0.06392523646354675,
            -0.020111575722694397,
            0.010640243999660015
        ]
    },
    "HeadCoilCoordinateSystem": "ElektaNeuromag",
    "HeadCoilCoordinateUnits": "m",
    "AnatomicalLandmarkCoordinates": {
        "NAS": [
            0.0,
            0.08648090064525604,
            -3.725290298461914e-09
        ],
        "LPA": [
            -0.061602890491485596,
            0.0,
            0.0
        ],
        "RPA": [
            0.05851350352168083,
            0.0,
            0.0
        ],
        "coil1": [
            0.05970962718129158,
            -0.024668240919709206,
            -0.0009747713338583708
        ],
        "coil2": [
            0.03595908358693123,
            0.08412337303161621,
            0.05485396087169647
        ],
        "coil3": [
            -0.03628392145037651,
            0.08091720938682556,
            0.058533743023872375
        ],
        "coil4": [
            -0.06392523646354675,
            -0.020111575722694397,
            0.010640243999660015
        ]
    },
    "AnatomicalLandmarkCoordinateSystem": "ElektaNeuromag",
    "AnatomicalLandmarkCoordinateUnits": "m"
}
