{
    "AnatomicalLandmarkCoordinates": {
        "LPA": [
            184.50231695979622,
            150.73525494770453,
            105.16328083263764
        ],
        "NAS": [
            127.52715067084345,
            146.868600528579,
            203.76023814707574
        ],
        "RPA": [
            65.42602867466067,
            153.97776017066832,
            106.61985542297012
        ]
    }
}
