{
    "MEGCoordinateSystem": "ElektaNeuromag",
    "MEGCoordinateUnits": "m",
    "MEGCoordinateSystemDescription": "RAS orientation and the origin between the ears",
    "HeadCoilCoordinates": {
        "NAS": [
            7.450580596923828e-09,
            0.08889558911323547,
            -1.862645149230957e-09
        ],
        "LPA": [
            -0.06630346924066544,
            -2.9802322387695312e-08,
            -3.725290298461914e-09
        ],
        "RPA": [
            0.06673658639192581,
            -1.4901161193847656e-08,
            -1.862645149230957e-09
        ],
        "coil1": [
            -0.03292611613869667,
            0.09311103820800781,
            0.054771538823843
        ],
        "coil2": [
            -0.06500882655382156,
            -0.027761608362197876,
            -0.007061333861202002
        ],
        "coil3": [
            0.039412569254636765,
            0.08792591094970703,
            0.060344159603118896
        ],
        "coil4": [
            0.06494561582803726,
            -0.02718677558004856,
            -0.005208303686231375
        ]
    },
    "HeadCoilCoordinateSystem": "ElektaNeuromag",
    "HeadCoilCoordinateUnits": "m",
    "AnatomicalLandmarkCoordinates": {
        "NAS": [
            7.450580596923828e-09,
            0.08889558911323547,
            -1.862645149230957e-09
        ],
        "LPA": [
            -0.06630346924066544,
            -2.9802322387695312e-08,
            -3.725290298461914e-09
        ],
        "RPA": [
            0.06673658639192581,
            -1.4901161193847656e-08,
            -1.862645149230957e-09
        ],
        "coil1": [
            -0.03292611613869667,
            0.09311103820800781,
            0.054771538823843
        ],
        "coil2": [
            -0.06500882655382156,
            -0.027761608362197876,
            -0.007061333861202002
        ],
        "coil3": [
            0.039412569254636765,
            0.08792591094970703,
            0.060344159603118896
        ],
        "coil4": [
            0.06494561582803726,
            -0.02718677558004856,
            -0.005208303686231375
        ]
    },
    "AnatomicalLandmarkCoordinateSystem": "ElektaNeuromag",
    "AnatomicalLandmarkCoordinateUnits": "m"
}
