{
    "AnatomicalLandmarkCoordinates": {
        "LPA": [
            190.44870571261345,
            145.70592380059955,
            99.91148184735115
        ],
        "NAS": [
            125.48431900371865,
            137.52038102843048,
            189.7805045784479
        ],
        "RPA": [
            64.46428676453951,
            145.94172143052188,
            99.64735998368714
        ]
    }
}
