{
    "AnatomicalLandmarkCoordinates": {
        "LPA": [
            194.15076060129812,
            142.51203857295778,
            124.91598166962748
        ],
        "NAS": [
            129.40697713642962,
            146.02984016764137,
            207.02291604065186
        ],
        "RPA": [
            68.88837016375928,
            150.355489117449,
            120.4628272730582
        ]
    }
}
