{
    "MEGCoordinateSystem": "ElektaNeuromag",
    "MEGCoordinateUnits": "m",
    "MEGCoordinateSystemDescription": "RAS orientation and the origin between the ears",
    "HeadCoilCoordinates": {
        "NAS": [
            -3.725290298461914e-09,
            0.0891316831111908,
            0.0
        ],
        "LPA": [
            -0.062086623162031174,
            0.0,
            0.0
        ],
        "RPA": [
            0.06364946067333221,
            0.0,
            0.0
        ],
        "coil1": [
            -0.03765423968434334,
            0.08610553294420242,
            0.055495426058769226
        ],
        "coil2": [
            -0.06726226955652237,
            -0.011700540781021118,
            0.018475020304322243
        ],
        "coil3": [
            0.02336483635008335,
            0.09475328773260117,
            0.055376868695020676
        ],
        "coil4": [
            0.06840777397155762,
            -0.010908697731792927,
            0.017850570380687714
        ]
    },
    "HeadCoilCoordinateSystem": "ElektaNeuromag",
    "HeadCoilCoordinateUnits": "m",
    "AnatomicalLandmarkCoordinates": {
        "NAS": [
            -3.725290298461914e-09,
            0.0891316831111908,
            0.0
        ],
        "LPA": [
            -0.062086623162031174,
            0.0,
            0.0
        ],
        "RPA": [
            0.06364946067333221,
            0.0,
            0.0
        ],
        "coil1": [
            -0.03765423968434334,
            0.08610553294420242,
            0.055495426058769226
        ],
        "coil2": [
            -0.06726226955652237,
            -0.011700540781021118,
            0.018475020304322243
        ],
        "coil3": [
            0.02336483635008335,
            0.09475328773260117,
            0.055376868695020676
        ],
        "coil4": [
            0.06840777397155762,
            -0.010908697731792927,
            0.017850570380687714
        ]
    },
    "AnatomicalLandmarkCoordinateSystem": "ElektaNeuromag",
    "AnatomicalLandmarkCoordinateUnits": "m"
}
