{
    "AnatomicalLandmarkCoordinates": {
        "LPA": [
            188.75771694178326,
            178.10561217941353,
            117.18519718803222
        ],
        "NAS": [
            123.76534148532062,
            157.50291771138427,
            213.3938730894204
        ],
        "RPA": [
            47.500580219517644,
            166.25754637895818,
            124.42927328355117
        ]
    }
}
