{
    "AnatomicalLandmarkCoordinates": {
        "LPA": [
            198.3552158897415,
            152.02359362914578,
            126.64176711058995
        ],
        "NAS": [
            126.76660839325166,
            141.9049114120756,
            214.61981883754282
        ],
        "RPA": [
            56.51239521454619,
            154.50397388558608,
            123.27043122376655
        ]
    }
}
