{
    "AnatomicalLandmarkCoordinates": {
        "LPA": [
            187.8941967815125,
            128.82224375625515,
            100.26825338166518
        ],
        "NAS": [
            130.70634434176827,
            118.30804020380562,
            199.78714884631634
        ],
        "RPA": [
            62.88020764226192,
            137.4837249265683,
            110.42523526127175
        ]
    }
}
