{
    "AnatomicalLandmarkCoordinates": {
        "LPA": [
            188.52222412090669,
            181.7573444530521,
            96.84999636688086
        ],
        "NAS": [
            131.06504677526794,
            174.00209694220518,
            193.36989222742363
        ],
        "RPA": [
            57.69669945762344,
            170.8818073580561,
            107.35640213317421
        ]
    }
}
