{
    "AnatomicalLandmarkCoordinates": {
        "LPA": [
            189.539306666367,
            154.45441149562416,
            115.82917771345647
        ],
        "NAS": [
            127.35095209647173,
            140.51919761961062,
            208.71714183793821
        ],
        "RPA": [
            61.65737853984327,
            152.2278681345839,
            118.24262249900711
        ]
    }
}
